-46.9113,24.121,-10.216,0.0157515,0.000169986,0.0117765,-3.64772e-06,0.000140613,6.7515e-06,0
-46.8762,24.1503,-10.0203,0.0143801,0.0059847,0.0120981,-1.60219e-05,0.000110961,7.74139e-06,148473
-46.8,24.3548,-9.71699,0.0120561,0.0033229,0.0122202,-2.49298e-05,8.98806e-05,1.25965e-05,0.0148762
-46.7175,24.5893,-9.35485,0.00742458,-0.00198211,0.00210205,4.79504e-05,2.66721e-05,-6.39592e-06,0.0153064
-46.6267,24.8833,-8.9389,-0.00287282,-0.0105276,-0.00890764,9.57845e-05,-2.91544e-05,-1.59149e-06,0.0151727
-46.4507,25.0615,-8.53393,-0.00973556,-0.0145063,-0.0177445,0.000149941,-6.30541e-05,-1.59962e-05,0.0151955
-46.2364,25.0352,-8.23352,-0.0142588,-0.0171099,-0.00132262,0.00015312,-0.000127825,-1.13279e-05,0.0160731
-45.9934,24.8903,-8.08909,-0.0100174,-0.00142678,0.00694183,4.76477e-05,-9.74754e-05,1.89887e-05,0.0159599
-45.7076,24.7136,-8.14381,-0.000874141,0.00376489,0.0190946,-1.36263e-05,-5.33081e-05,9.20584e-06,0.0149625
-45.5,24.7396,-8.35859,-0.0029981,-0.00268379,0.0163942,7.11291e-05,-9.57419e-05,-8.74092e-07,0.0168132
-45.2816,24.9391,-8.75933,-0.0107565,-0.0125133,0.00861518,7.64048e-05,-5.73258e-05,-2.12397e-06,0.0142446
-45.0338,25.2263,-9.32335,-0.00613981,-0.0177439,-0.000391869,9.93908e-05,-5.13427e-05,-7.22758e-06,0.0150213
-44.7416,25.4577,-10.0175,-0.00504987,-0.0130984,-0.00390372,0.000100489,-3.5501e-05,2.805e-06,0.0149489
-44.4195,25.4899,-10.7242,-0.0040033,-0.00852595,-0.0075992,0.000108088,-3.13125e-05,-1.50341e-06,0.0150502
-44.1323,25.438,-11.3322,-0.000695482,-0.00665252,-0.00257112,6.30725e-05,-3.52451e-05,-1.19663e-06,0.0149822
-43.7817,25.2759,-12.0519,-0.00202945,0.000437243,-0.00122273,3.80354e-05,-3.71189e-05,-1.00593e-05,0.0149752
-43.4893,25.0888,-12.7549,-0.00104854,0.00225599,-0.00618787,-1.87542e-05,-1.0369e-05,-9.70937e-06,0.0149816
-43.3249,24.8722,-13.3093,0.00374528,0.00631223,-0.00276592,-3.63749e-05,7.99074e-05,-1.04911e-05,0.0160296
-43.2361,24.6263,-13.7909,0.00838939,0.00768872,0.0021598,-5.04126e-05,0.000103577,-5.92405e-06,0.0160078
-43.2444,24.3432,-13.9888,0.0152853,0.00513292,-0.00168793,-3.99694e-05,0.000110831,-1.26702e-06,0.0161159
-43.2807,23.937,-13.9572,0.00748885,-0.000579653,-0.00787665,7.17704e-05,6.57685e-05,-1.668e-06,0.0158849
-43.3335,23.4374,-13.7296,0.00158123,-0.0053169,-0.0100543,5.8103e-05,-1.02643e-06,3.66611e-06,0.016054
-43.4091,22.7883,-13.3614,-0.000537003,-0.00653864,-0.00379795,5.04213e-05,2.00197e-05,1.26697e-05,0.0149489
-43.49,22.1968,-12.9769,-0.00310725,-0.00288114,0.00752098,-1.73356e-05,-2.48677e-05,-9.75922e-07,0.0150698
-43.6284,21.5463,-12.5738,-0.00998434,-0.000152924,0.0156658,-7.30956e-06,-6.93764e-05,2.35007e-05,0.0159251
-43.8857,21.072,-12.2741,-0.00904421,0.00155231,0.0115513,-4.42179e-05,-6.23679e-05,-4.96217e-06,0.0160276
-44.2798,20.7162,-12.1045,-0.014751,-0.00428466,0.00423649,3.87768e-05,-0.000135518,-4.78044e-06,0.0149771
-44.7824,20.3917,-12.073,-0.0113321,-0.00229818,-0.00600015,7.89937e-05,-0.000116896,-1.90471e-05,0.014996
-45.3867,19.9516,-12.1249,-0.00887687,-0.00744925,-0.00596571,4.01788e-05,-6.93838e-05,4.16557e-06,0.0150364
-45.9218,19.5113,-12.1559,-0.00202587,-0.00493079,-0.00773394,-3.3204e-07,-6.1935e-06,-1.53258e-05,0.0149935
-46.5185,18.8937,-12.0932,-0.00200957,-0.00497832,-0.00657788,-3.48337e-05,2.24154e-05,-1.55659e-05,0.0149713
-47.2413,18.1013,-12.1206,-0.095792,-0.0600588,-0.0131657,0.000535032,-0.000778683,-2.87343e-05,0.0150382
-48.0944,17.1504,-13.1293,-0.098021,-0.0613203,-0.0131958,0.000575796,-0.000801572,-3.3621e-05,0.016061
-49.1423,15.9756,-15.4043,-0.0172966,-0.0267811,0.00722354,0.000155528,-0.000102635,1.46253e-06,0.016059
-50.2301,14.8913,-17.8993,0.0372186,-0.00349179,0.0196031,-1.04593e-05,0.000394084,-4.03474e-05,0.0154104
-51.1743,13.9486,-19.8121,0.0457301,0.0080932,0.000619753,-0.000158775,0.000445663,5.16133e-06,0.0154427
-52.1863,12.786,-21.313,0.0273289,-0.00379591,0.00114438,-7.6613e-05,0.000270421,5.63181e-06,0.0162072
-52.9961,11.6135,-22.0775,0.0295455,-0.0039138,-0.000522491,-5.70165e-05,0.000253184,-2.30831e-05,0.0148304
-53.88,10.114,-22.3877,0.0263109,-0.000396155,0.00995513,-6.37072e-05,0.000278812,1.02252e-05,0.0159021
-54.4579,9.0025,-22.2509,0.0289469,-0.00799228,0.0132619,7.34872e-05,0.000227011,-5.14241e-06,0.0151047
-54.9862,7.95935,-21.7823,0.0300322,0.00176973,0.0259406,-4.6781e-05,0.000306936,9.35402e-06,0.0149821
-55.4071,7.13777,-20.9917,0.0214268,0.00477144,0.0268996,-5.47342e-05,0.000141133,1.65439e-05,0.0150139
-55.7751,6.63767,-20.034,0.00641484,0.00259878,0.0319453,-1.01514e-05,3.13313e-05,-1.17636e-05,0.0149689
-56.108,6.43559,-18.978,-0.00357255,-0.0123057,0.0269825,8.69539e-05,-2.93382e-05,-3.20682e-06,0.0158813
-56.383,6.57109,-18.0413,-0.0104834,-0.0149074,0.022306,0.000134892,-8.78275e-05,1.9831e-06,0.0150086
-56.5405,6.9286,-17.354,-0.026264,-0.033172,0.012275,0.000288936,-0.000213267,-8.37941e-06,0.0150419
-56.6438,7.41926,-17.0722,-0.0438965,-0.0329013,0.00528281,0.000289038,-0.000335132,-2.59435e-05,0.0149642
-56.6395,7.92332,-17.1978,-0.0146815,-0.0147715,-0.0174859,0.000142304,-0.000165218,-2.9167e-05,0.0159632
-56.5437,8.19748,-17.4629,-0.037039,-0.0314678,-0.00579196,0.000290656,-0.000292718,-6.55577e-06,0.0160681
-56.5313,8.36862,-18.1823,-0.0543102,-0.0113596,-0.000837575,0.000122071,-0.000445008,-2.61932e-05,0.0153833
-56.7732,8.53465,-19.5416,-0.0456958,0.00530736,0.0155791,-4.79336e-05,-0.00042389,-3.41553e-05,0.0156293
-56.9717,8.82273,-20.795,0.0446268,0.057055,0.00695222,-0.000559593,0.000362877,-4.01251e-05,0.0149604
-57.0951,9.07483,-21.1977,0.065419,0.0364216,-0.0107228,-0.000311096,0.000525308,-3.01784e-05,0.0149722
-57.4933,9.1932,-20.8111,0.0336675,0.01429,-0.00746144,-0.000144636,0.000307935,-1.15889e-05,0.0159791
-58.12,9.14,-19.9022,0.0129743,-0.000350393,0.00413721,-0.000100722,0.000111837,-2.10281e-05,0.0160134
-58.7979,9.11011,-18.5607,0.0267588,-0.00803175,0.0166862,6.68284e-05,0.00025252,-2.00694e-05,0.0150054
-59.2747,9.18485,-17.1276,0.0125568,-0.0175039,-0.00876743,8.42554e-05,0.000125203,-8.88022e-06,0.0150866
-59.7605,9.15586,-15.4935,-0.0442189,-0.0303596,-0.0153195,0.00025939,-0.000329203,-6.6635e-07,0.0149468
-60.1988,8.85258,-14.1762,-0.0620715,-0.0469986,-0.0113741,0.000530925,-0.000533668,-6.25612e-06,0.0150045
-60.414,8.29411,-13.2589,-0.0118717,-0.0143463,-0.0075343,0.000170373,-7.92259e-05,-1.8679e-06,0.0149609
-60.4914,7.73662,-12.8022,-0.0042694,-0.0242862,0.013284,0.000269003,-6.82678e-05,1.49919e-05,0.0150327
-60.3951,7.35537,-12.4718,0.0378187,0.0142602,0.0451256,-7.86401e-05,0.000267389,2.01869e-05,0.0149885
-60.1457,7.47899,-11.8058,0.0547425,0.0487678,0.0333362,-0.000459453,0.000409333,2.44141e-05,0.0150488
-60.2068,7.8219,-10.6477,-0.0834955,0.0478199,-0.0618535,-0.000392364,-0.000703157,-3.1365e-05,0.0160436
-61.3928,7.44688,-9.5817,-0.0156646,-0.0401094,-0.0118927,0.000357166,-0.000122939,1.53568e-07,0.0159153
-62.2978,6.89553,-8.76915,-0.000965955,-0.029173,0.01039,0.000156989,-2.00314e-05,5.01216e-06,0.015011
-62.8626,6.52886,-8.56105,-0.0385165,-0.0690093,0.0349923,0.000631611,-0.000334395,-1.80202e-05,0.0160265
-63.0876,6.51441,-9.06221,-0.0161657,-0.05215,0.0114651,0.000472026,-0.000174856,2.89029e-06,0.0160165
-63.0121,6.65628,-10.1169,0.0330013,-0.0461821,0.00425097,0.000423315,0.000293829,3.26069e-06,0.0149249
-62.8056,6.8595,-11.3095,0.00803375,-0.0330355,0.0206037,0.000349246,6.77904e-05,-7.51775e-06,0.0149909
-62.4784,7.27337,-12.851,-0.0150126,0.00856329,0.0205433,-9.02589e-05,-9.63019e-05,-1.36664e-05,0.0149843
-62.1381,7.9684,-14.5705,-0.00501947,-0.0107415,0.0316928,-6.26246e-06,-3.92441e-05,-3.15483e-05,0.0150137
-61.7136,9.06849,-16.5449,0.009832,-0.0241981,0.0285357,0.000209628,5.60475e-05,-1.23744e-06,0.0150766
-61.1089,10.5572,-18.8989,0.00837434,-0.0199106,0.023472,0.000148064,6.09244e-05,-1.96371e-05,0.0149392
-60.5065,12.0984,-20.9436,0.0054963,0.0125122,-0.00350195,-0.000170342,6.54591e-05,7.15111e-07,0.0150544
-60.0193,13.7772,-22.9452,0.0284606,0.0492393,-0.0210005,-0.000428458,0.000248825,-2.46652e-05,0.0149328
-60.0054,14.8868,-24.0539,0.0237988,0.0151879,-0.0328161,-0.000181434,0.000212107,-4.28862e-06,0.014991
-60.4705,15.6782,-24.8889,0.00277664,0.00824945,-0.0398424,-0.000135627,2.81604e-05,-2.68402e-05,0.0150792
-61.4143,15.8486,-25.3129,-0.0179133,-0.00348111,-0.0526806,1.82151e-05,-0.000166502,-1.15028e-05,0.014995
-62.5721,15.3548,-25.446,-0.00414064,0.00160991,-0.0523461,-9.04065e-05,-1.63225e-05,-3.63461e-05,0.0149848
-63.9011,14.1969,-25.2391,-0.0024842,0.000114957,-0.0397679,-1.96763e-05,1.22101e-05,-8.83306e-06,0.0159891
-65.8369,12.0713,-24.6229,-0.00274335,0.00386937,-0.0282512,-8.08189e-05,-3.49777e-05,-7.99877e-06,0.0159959
-67.7835,9.77077,-23.8104,-0.00883162,-0.0153419,-0.017694,0.000130654,-0.000115916,-2.4911e-05,0.0150491
-69.8813,6.9192,-22.9037,-0.0123712,-0.0146081,-0.000396692,6.43433e-05,-0.000175243,2.85567e-05,0.0159444
-71.7366,4.26495,-22.1779,-0.00826401,-0.0134996,0.0164468,0.000150268,-9.80917e-05,2.17161e-05,0.0150341
-73.5742,1.65453,-21.5814,-0.00758812,0.00129152,0.0280502,5.36202e-05,-0.000117843,1.38204e-05,0.0150123
-74.9378,-0.117799,-21.4503,-0.313874,0.486144,-1.75685,-0.0116966,-0.00770664,0.000752347,0.0149873
-75.8642,0.236223,-22.3942,-0.695935,0.073455,-0.768362,-0.000775335,-0.0127059,0.000856546,0.0149781
-76.3712,0.0591057,-22.8645,-0.75098,0.294368,-1.93623,-0.00701435,-0.0175779,-8.50898e-05,0.0149583
-76.7119,0.0888364,-23.2647,-0.99199,0.293979,-2.23538,-0.00703585,-0.0226158,1.96181e-05,0.0150781
-76.9642,0.0593085,-23.4313,-1.06277,0.535037,-2.8311,-0.0123652,-0.0241055,0.000544229,0.0149656
-77.2116,0.0592555,-23.56,-1.00444,0.677764,-3.11239,-0.0157576,-0.0226289,0.000747736,0.0150643
-77.3795,0.0592555,-23.6717,-1.13917,0.829102,-3.63188,-0.0189996,-0.0253384,0.000676455,0.0149404
-77.4752,0.0591681,-23.6646,-0.897558,0.818369,-3.99192,-0.0192566,-0.0200946,0.000963067,0.0150413
-77.4797,0.0592087,-23.7032,-0.884624,0.717987,-4.21041,-0.0167513,-0.0197789,0.000964078,0.0162475
-77.4542,0.0591681,-23.6506,-0.772755,0.748272,-4.52807,-0.017618,-0.0170991,0.000960639,0.0156639
-77.4496,0.0591338,-23.612,-0.674845,0.737466,-4.65352,-0.0173788,-0.0149655,0.000955899,0.0150546
-77.4286,0.0591338,-23.598,-0.605846,0.719224,-4.75969,-0.0170665,-0.0134308,0.000918215,0.0168502
-77.3447,0.0591338,-23.5421,-0.49388,0.623582,-4.92018,-0.0148955,-0.0107563,0.000908571,0.0144373
-77.3447,0.0591338,-23.5421,-0.441817,0.590757,-4.99159,-0.0142574,-0.00963932,0.000881191,0.0146776
-77.3027,0.0886616,-23.5141,-0.374767,0.544835,-5.09428,-0.013204,-0.00813403,0.000914134,0.0160059
-77.256,0.0886336,-23.4477,-0.191051,0.565189,-5.11066,-0.0137615,-0.00418286,0.000932737,0.0160268
-77.1998,0.118115,-23.3041,0.110811,0.583792,-5.01357,-0.0141849,0.00238725,0.00104287,0.014992
-77.0592,0.147652,-23.1048,0.56934,0.492684,-4.85701,-0.0124071,0.0125995,0.000845834,0.0150357
-76.7963,0.177217,-22.8608,1.12338,0.215296,-4.88764,-0.00645875,0.0247244,0.00051476,0.0149465
-76.3684,0.206773,-22.5455,1.80416,-0.215261,-5.01507,0.00284713,0.0400004,0.000191867,0.0150132
-75.8915,0.206848,-22.1657,2.49304,-0.673438,-5.11149,0.0131568,0.0552837,-0.000251287,0.0150317
-75.4015,0.207397,-21.5704,2.8226,-0.915144,-5.22789,0.0186727,0.0633115,-0.000545925,0.0149849
-74.8372,0.178965,-20.8978,3.04927,-1.11271,-5.2294,0.0225453,0.0688384,-0.000959546,0.0160987
-74.1284,0.180166,-20.211,3.42226,-1.4225,-4.99739,0.0295405,0.0771823,-0.00147967,0.0159402
-73.4571,0.152145,-19.5548,3.37059,-1.54638,-4.9888,0.0328751,0.0758613,-0.00191751,0.0148926
-72.5382,0.153144,-18.86,3.60674,-1.96702,-4.74294,0.0437651,0.0819314,-0.000504361,0.0150183
-71.8117,0.155132,-18.1867,3.38138,-1.72842,-4.63566,0.0370684,0.0785777,-0.00169474,0.0152406
-71.0203,0.157079,-17.5175,3.5519,-1.88095,-4.37275,0.0384244,0.0768885,-0.00144344,0.0158581
-70.1932,0.159635,-16.8024,3.52033,-1.74522,-4.24587,0.0353354,0.0748915,-0.000848354,0.0149149
-69.5314,0.161648,-16.2573,2.64995,-1.43126,-4.57487,0.0348771,0.0663658,-0.00115772,0.015043
-68.5352,0.1352,-15.4653,2.90057,-1.50977,-4.73612,0.0370132,0.0729319,-0.000231751,0.0159173
-67.7026,0.139094,-14.7409,3.39998,-1.66204,-4.44872,0.0361653,0.0778865,-0.00115655,0.0150594
-66.8945,0.113301,-14.0723,2.89553,-1.51538,-4.5271,0.032715,0.0663771,-0.00111976,0.0150202
-65.8018,0.0866285,-13.33,2.40603,-1.6028,-4.23817,0.031918,0.0543689,-0.00138881,0.0149844
-64.8445,0.117342,-12.7698,3.05246,-1.98288,-3.94964,0.0348841,0.0674105,-0.00112576,0.0150269
-64.0737,0.121049,-12.1808,3.17923,-1.86468,-3.9931,0.0431383,0.0727031,-0.000444495,0.016287
-63.2124,0.122987,-11.6528,2.38545,-1.63156,-4.65424,0.0359508,0.0526968,-0.000535972,0.0146444
-62.3339,0.094782,-11.1573,2.97835,-1.99855,-3.97733,0.0452225,0.0696578,-0.00152098,0.0150664
-61.5216,0.09613,-10.7011,3.17975,-2.15441,-3.88595,0.0453466,0.0686643,-0.000604715,0.0149511
-60.8571,0.0968133,-10.3537,2.75176,-2.05924,-3.9574,0.0456381,0.0587947,-0.00140937,0.0150044
-60.0514,0.0989008,-9.88005,2.65944,-1.91882,-4.28105,0.0431491,0.0592889,-0.000412471,0.0160018
-59.2185,0.101044,-9.40072,2.80524,-2.07462,-4.36345,0.0491191,0.0689681,-0.00191198,0.0159803
-58.3818,0.0737164,-8.92672,2.67402,-1.98152,-3.94638,0.0418717,0.0615439,-0.00156818,0.0160389
-57.4704,0.0744621,-8.49138,2.53854,-2.05748,-3.88286,0.0447096,0.0578239,-0.00108365,0.0149861
-56.5086,0.0737164,-8.10643,2.45281,-2.11951,-3.96508,0.0470673,0.0556145,-0.0014036,0.0149548
-55.5786,0.0456862,-7.64689,2.76114,-2.30813,-3.6818,0.0497037,0.0625295,-0.00134712,0.0160676
-54.5745,0.0456862,-7.22877,2.42213,-2.11127,-3.80864,0.0426598,0.0478913,-0.00058082,0.0149943
-53.4602,-0.0141215,-6.80699,2.47752,-2.29321,-3.96099,0.0541079,0.0623328,-0.00133936,0.016015
-52.2006,-0.01634,-6.40229,2.31306,-2.29339,-4.0687,0.0546601,0.0594179,-0.00104612,0.0151444
-51.1177,0.01174,-6.04649,2.07559,-2.19315,-3.79044,0.0465739,0.0490227,-0.00192593,0.0148694
-49.998,0.0096151,-5.7181,1.8796,-2.21776,-3.92666,0.0507894,0.048961,-0.000433614,0.0150115
-48.9713,0.00422317,-5.59081,1.83029,-2.57299,-3.98803,0.0584323,0.0451796,-0.00237131,0.0149726
-48.3875,-0.0284719,-5.536,2.25889,-3.20089,-3.78602,0.070101,0.0510749,-0.00108704,0.0149683
-48.2247,-0.00425178,-5.75976,1.20733,-2.93048,-3.94877,0.0658864,0.0277025,-0.000437882,0.016021
-48.5293,-0.0343382,-5.90121,0.674144,-2.60917,-3.97897,0.0584414,0.0163866,-0.00022277,0.0159776
-49.1993,-0.0359764,-6.24053,-0.597238,-2.04521,-4.01819,0.0460279,-0.0119569,0.000180971,0.0149744
-50.0699,-0.0960931,-6.62784,-1.79077,-1.41278,-4.00003,0.0318807,-0.0387244,0.000761735,0.015033
-50.6766,-0.216252,-6.98425,-3.02351,-0.872436,-4.37172,0.019478,-0.0662,0.0015226,0.016033
-51.2597,-0.248663,-7.39837,-3.94619,-0.480484,-4.70064,0.0110561,-0.0867488,0.0017873,0.0149414
-51.7161,-0.279102,-7.63958,-4.4635,-0.0282128,-5.10017,0.000533876,-0.0976798,0.00225428,0.014997
-52.0067,-0.251321,-7.88067,-4.52621,0.155134,-5.21478,-0.00391378,-0.0996311,0.00219567,0.0160549
-52.1707,-0.22536,-8.23128,-3.55679,-0.00671434,-4.92311,0.000485797,-0.0811583,0.00207184,0.015057
-52.516,-0.225725,-8.40063,-3.55358,0.447235,-4.6912,-0.0103515,-0.0794159,0.00103855,0.0149781
-52.8183,-0.169051,-8.74465,-3.20094,0.449666,-4.29453,-0.00793417,-0.062855,0.00082505,0.0149565
-53.2815,-0.14045,-9.02807,-3.30603,0.730692,-4.03907,-0.0160099,-0.072304,0.000102125,0.0149422
-53.9677,-0.141598,-9.43778,-3.62252,1.14537,-4.32048,-0.0258928,-0.078615,0.00114945,0.0150021
-54.7448,-0.142646,-9.89063,-2.77623,1.08712,-4.15825,-0.0226369,-0.0609363,0.00115263,0.0150893
-55.8104,-0.143367,-10.4417,-2.72196,1.31028,-4.25815,-0.0284752,-0.0596078,0.000725775,0.0149649
-56.9511,-0.115113,-11.1339,-3.57773,1.73986,-4.32021,-0.0388934,-0.0800368,0.000993088,0.0149828
-57.7721,-0.0569462,-11.6627,-2.64756,1.28142,-4.06958,-0.0295993,-0.0563154,0.0012091,0.0150134
-58.9234,-0.0575454,-12.3185,-2.74312,1.57422,-3.94989,-0.0336758,-0.0616201,0.000831498,0.0159687
-60.009,-0.028626,-12.9897,-2.52844,1.46337,-4.23844,-0.0328516,-0.0610331,-0.000820509,0.0151841
-61.2596,-0.0290005,-13.7209,-2.55284,1.439,-4.41982,-0.0378085,-0.0609235,0.000106268,0.0148718
-62.4921,-0.0292158,-14.4266,-2.91759,1.78182,-4.22481,-0.0415711,-0.0626577,0.00142835,0.0159909
-63.7075,0.000199718,-15.1067,-2.86436,1.91573,-3.92178,-0.0439949,-0.0624565,0.00213873,0.0149357
-64.8632,0.089033,-15.5711,-1.5699,1.19415,-3.597,-0.0351089,-0.0467278,-0.000671342,0.0160381
-66.4425,-0.0290005,-16.3757,-2.17576,1.91153,-2.82365,-0.0424127,-0.0502078,-0.00100365,0.0160133
-67.9584,0.00101107,-17.0357,-2.45965,2.43584,-3.60886,-0.0482993,-0.0474533,0.000108501,0.0149627
-69.2317,0.0910302,-17.4104,-1.90948,2.25049,-3.18674,-0.0478909,-0.0396103,0.000547759,0.0160061
-70.767,0.0327234,-18.1557,-1.71924,1.83242,-3.52791,-0.0458862,-0.0389377,-3.11369e-05,0.0150337
-72.2894,0.0345208,-18.7797,-1.38261,1.63376,-2.68627,-0.0382685,-0.0341145,0.000609215,0.0149567
-73.9649,-0.0204283,-19.3118,-1.433,1.9719,-2.66347,-0.0402734,-0.0259598,0.000385401,0.0150148
-75.6951,0.0166293,-19.7283,-1.06665,1.83749,-2.71299,-0.0365348,-0.0218528,0.000521306,0.0150112
-77.6358,0.0293607,-20.1292,-0.785359,1.63866,-3.17437,-0.0433323,-0.0229975,0.000643686,0.0150473
-79.4548,0.0449342,-20.5132,-0.702697,1.2318,-2.47078,-0.0343803,-0.0191755,0.00067499,0.0159607
-81.6596,-0.0411989,-20.6862,-0.223716,1.12356,-2.76269,-0.035296,-0.0130969,0.0011085,0.0159879
-83.8908,-0.117579,-20.8732,-0.521142,2.2602,-1.5275,-0.0368906,-0.00905228,-0.000157428,0.0149897
-85.547,-0.161191,-20.8223,-0.365457,1.70084,-2.21337,-0.0365751,-0.0159627,-0.000275734,0.016014
-87.2856,-0.154745,-20.5544,-0.139612,1.75766,-2.57592,-0.0378389,-0.00165388,0.000882355,0.0151063
-88.752,-0.235572,-20.2819,0.0207279,2.10515,-3.43844,-0.052871,0.000423719,0.000974145,0.0160069
-90.1154,-0.353909,-19.7205,0.592238,2.4502,-3.72397,-0.06276,0.0150937,0.00140771,0.0151832
-90.6825,-0.336102,-19.3737,0.887201,2.21442,-1.93614,-0.0338313,0.0142672,0.000464332,0.0147235
-90.9133,-0.47051,-18.8857,0.862693,1.08717,-4.52812,-0.0456084,0.0274559,-1.30539e-05,0.0160212
-90.5293,-0.345079,-18.4865,1.85104,1.07091,-3.22745,-0.0287125,0.042,-0.00100481,0.0149694
-90.0289,-0.377054,-18.1513,2.3905,0.269692,-3.42679,-0.0107462,0.0578009,-0.00285714,0.0150415
-89.6587,-0.367229,-17.7318,2.4433,-0.219161,-3.02279,0.00100863,0.0537736,-0.00222799,0.0149816
-89.3708,-0.450167,-17.0117,2.49326,-0.390272,-3.67743,0.00424498,0.0670692,-0.00245211,0.0154872
-89.1027,-0.462212,-16.164,2.52156,-0.357779,-3.91471,0.00466614,0.0624778,-0.00179776,0.0145789
-88.5803,-0.483311,-15.2838,2.17818,-0.498666,-3.67873,0.00708621,0.0522601,-0.00407063,0.0149606
-87.9602,-0.555252,-14.6298,2.29898,-1.0698,-3.23407,0.0165262,0.048856,-0.00275195,0.0149297
-87.222,-0.597442,-13.8998,2.00206,-1.26546,-3.28259,0.0258683,0.0494619,-0.00355381,0.0150889
-86.3075,-0.645129,-13.129,2.13626,-1.54441,-3.37699,0.0334159,0.053213,-0.00484152,0.0149544
-85.4163,-0.636539,-12.4197,2.07562,-1.90961,-3.1849,0.0396659,0.0475183,-0.00230972,0.0159714
-84.2071,-0.642272,-11.6868,2.25513,-2.33776,-3.41211,0.0509154,0.054902,-0.00304704,0.0160418
-82.9596,-0.68319,-11.0151,1.99175,-2.39199,-3.40479,0.0459899,0.0433784,-0.00356697,0.0149041
-81.8627,-0.670564,-10.5229,1.77527,-2.53052,-4.08705,0.0504993,0.0391892,-0.00206381,0.0160344
-80.2874,-0.58286,-9.91683,1.98335,-2.95196,-3.7632,0.0629995,0.0454131,-0.00303625,0.0159856
-79.247,-0.596431,-9.451,2.1142,-3.01465,-3.76762,0.0628074,0.0484686,-0.00459302,0.015049
-77.9463,-0.588295,-8.94199,1.88409,-2.88725,-3.96535,0.0636816,0.0459609,-0.00330833,0.0149718
-76.7289,-0.577158,-8.46206,1.7952,-2.84309,-3.75292,0.059075,0.0415749,-0.00152042,0.0151779
-75.3847,-0.511774,-7.9895,1.88487,-3.0344,-3.86624,0.0613544,0.0419587,-0.00379173,0.0147901
-74.1623,-0.529468,-7.53344,1.72371,-2.79953,-3.53005,0.0601753,0.0420701,-0.00534613,0.0150552
-72.7329,-0.502466,-7.1772,1.86225,-3.24075,-3.20422,0.0696003,0.0427985,-0.00384214,0.0149658
-71.3274,-0.474412,-6.8491,1.67437,-3.08842,-3.74641,0.068911,0.041546,-0.003223,0.015082
-69.8497,-0.474834,-6.498,1.777,-3.45628,-3.59861,0.0734265,0.0422101,-0.00426072,0.0149543
-68.7019,-0.438101,-6.23304,1.41811,-2.90907,-3.1877,0.0568613,0.0326989,-0.00425516,0.0159633
-66.9691,-0.409252,-5.81566,1.90253,-3.3216,-3.53677,0.0735838,0.0461933,-0.00347292,0.015987
-65.6497,-0.375116,-5.55688,1.73414,-3.3299,-3.80663,0.0663986,0.0384395,-0.0030732,0.0150148
-64.2465,-0.338116,-5.2379,1.89529,-3.45622,-3.52737,0.073584,0.0447298,-0.00347689,0.0159884
-62.7682,-0.311664,-5.09373,1.70653,-3.54521,-3.26921,0.0771237,0.0388127,-0.00223509,0.0154533
-61.5975,-0.333594,-4.94275,1.34497,-2.95958,-3.69159,0.0670987,0.0315407,-0.00216461,0.0149214
-60.0632,-0.272856,-4.76761,1.3243,-3.05166,-3.59032,0.0675105,0.0316835,-0.00302548,0.0156417
-58.8235,-0.207328,-4.67233,1.35756,-2.87346,-3.48337,0.0642125,0.0317745,-0.00170393,0.0150224
-57.4264,-0.227643,-4.48864,1.65326,-3.40202,-3.4195,0.0721693,0.0377984,-0.00191033,0.0149574
-56.2696,-0.197784,-4.64172,1.13305,-3.5118,-3.14974,0.0767587,0.027479,-0.00185173,0.0160097
-55.0087,-0.255285,-4.79211,0.79061,-2.75196,-3.41063,0.0610781,0.0201748,-0.000317968,0.0151441
-53.3715,-0.228154,-4.99239,0.590056,-2.65228,-3.06151,0.0629696,0.0163062,-0.00123403,0.0149395
-52.1281,-0.156343,-5.01234,0.82381,-2.62394,-3.24395,0.0569736,0.0168321,-0.00060747,0.0149405
-50.7771,-0.123618,-5.41176,0.521165,-3.01436,-3.15842,0.0631246,0.0122205,-0.000225145,0.0150203
-49.8453,-0.105651,-5.53533,0.825274,-2.89859,-3.07818,0.063266,0.0198125,-4.42239e-05,0.0150977
-49.1041,-0.0586145,-5.82808,0.287914,-2.53002,-2.91575,0.0566033,0.00523782,0.000148082,0.0149215
-48.7671,-0.0627427,-5.92487,0.400894,-2.39709,-3.11977,0.0532586,0.0103279,0.000228137,0.0149621
-48.9605,-0.0627427,-5.99553,0.0769385,-2.22331,-3.13947,0.050372,0.00273008,0.000130883,0.0154848
-49.5262,-0.0621717,-6.17255,-0.737103,-1.55463,-3.04371,0.0353062,-0.0153312,0.000260071,0.0155986
-50.4526,-0.12065,-6.48831,-1.89538,-0.534574,-3.14641,0.0118561,-0.0417643,0.000934711,0.0149354
-51.3556,-0.209811,-6.86563,-2.16968,0.187174,-2.84885,-0.00507142,-0.0525159,0.00234015,0.0150351
-52.0999,-0.156693,-7.50467,-2.15559,0.32276,-2.95833,-0.00538606,-0.0490465,-0.000283523,0.0159912
-53.2339,-0.104927,-8.46682,-1.89766,0.450816,-2.67458,-0.0109934,-0.0456653,-0.000433621,0.0159405
-54.5621,-0.107249,-9.20542,-1.43402,0.465635,-3.16873,-0.0126068,-0.0339758,0.000957536,0.0150205
-56.0914,-0.110619,-10.1771,-2.17965,0.97895,-3.03534,-0.0190681,-0.0433467,-0.000178942,0.0160667
-57.7897,-0.0547837,-11.3143,-2.53106,1.09906,-3.16172,-0.0237048,-0.0553621,0.000585341,0.0149519
-59.398,-0.0275775,-12.4414,-1.78826,0.813968,-3.20993,-0.0182928,-0.0379783,0.00025782,0.0150439
-61.0476,0.000798873,-13.5196,-1.98435,1.11528,-2.70229,-0.0240509,-0.0458995,-0.000179479,0.0149012
-63.1305,0.000152909,-14.8464,-1.91912,1.13269,-3.10168,-0.0271091,-0.042919,0.00167735,0.0150802
-65.3472,0,-16.226,-2.02499,1.19143,-3.10719,-0.0310481,-0.0470909,-0.00032872,0.0149541
-67.3864,0.0296059,-17.4955,-2.18034,1.42154,-3.01796,-0.0303393,-0.0493962,3.25874e-05,0.0149875
-69.6114,0.000702134,-19.0899,-2.04302,1.39586,-3.59217,-0.0333263,-0.0542474,-0.00122389,0.0160237
-71.8304,0.00165079,-20.674,-2.08109,1.47348,-3.62207,-0.0312975,-0.0513824,-0.000160454,0.0161439
-74.0195,0.00319548,-22.3369,-2.67499,1.73055,-4.08612,-0.0361278,-0.0584897,0.000931351,0.0148679
-75.8268,0.00474641,-23.7432,-2.87228,1.73873,-3.74625,-0.0393825,-0.0624197,-0.00115002,0.0150059
-77.645,0.00631917,-25.1668,-2.59796,1.62687,-4.15819,-0.0401058,-0.0624213,0.000665738,0.0149629
-79.2938,0.0376445,-26.5183,-1.78929,1.07302,-3.5912,-0.0284,-0.0477224,0.000134262,0.0160092
-81.1416,-0.0193892,-28.0545,-2.42665,1.62961,-3.47877,-0.0319705,-0.0529084,-0.000232704,0.0159663
-82.8162,-0.076972,-29.4387,-2.61926,1.79955,-4.24682,-0.0380099,-0.0597273,0.00182481,0.0160245
-84.2344,-0.0450476,-30.7421,-1.88347,1.24667,-3.46903,-0.0305638,-0.0464698,-0.00132003,0.0150055
-85.5523,-0.131909,-31.9246,-2.42776,1.66945,-3.4733,-0.0387355,-0.0560305,-0.00114909,0.0159615
-86.7181,-0.160079,-32.9745,-2.57668,1.76964,-3.92102,-0.0385603,-0.0568938,0.000328889,0.0150558
-87.2777,-0.158666,-33.5463,-2.98366,1.86493,-3.88906,-0.0409258,-0.066327,6.03124e-06,0.0150843
-87.5652,-0.158666,-33.7833,-3.10047,1.61164,-3.98785,-0.0364024,-0.0706636,-0.000185854,0.0159188
-87.2977,-0.18722,-33.6393,-2.61974,0.995594,-4.06263,-0.0221984,-0.0600441,0.000428662,0.0150139
-86.5679,-0.127668,-33.0807,-1.60797,0.103293,-4.19248,-0.00214742,-0.0377538,0.00131709,0.0149941
-85.8345,-0.00905412,-32.5271,-0.330385,-0.93548,-4.14939,0.020953,-0.00900246,0.00133407,0.0150188
-85.0196,-0.00854549,-31.9171,0.964975,-1.95735,-4.01345,0.0444954,0.0204771,0.00097563,0.0149265
-84.2592,0.0214973,-31.359,1.67516,-2.47656,-3.71211,0.0540147,0.0351061,0.000923223,0.0153266
-83.4001,0.0230793,-30.8079,1.69463,-2.56153,-3.66565,0.0555837,0.0358284,0.000283224,0.015942
-82.4486,0.0275727,-30.3814,1.54219,-2.3708,-3.55635,0.0566665,0.0362847,0.000163111,0.0150558
-81.3412,0.0337511,-29.9221,1.54495,-2.42657,-3.25131,0.0514476,0.0299916,0.00134996,0.0159651
-80.068,0.0744621,-29.5735,1.49298,-2.818,-3.38669,0.0662668,0.0338521,0.00169691,0.0160806
-78.8922,0.086397,-29.2718,1.44575,-2.69575,-3.68292,0.0653443,0.0331797,0.00161381,0.0159062
-77.446,0.161627,-28.9003,1.57697,-2.88194,-3.4191,0.0621215,0.0322099,0.00201174,0.0150676
-76.1676,0.205133,-28.5182,1.68512,-2.78458,-3.43191,0.0695576,0.0389949,0.00229364,0.0159581
-74.5397,0.23075,-28.2358,1.33028,-2.79242,-3.57354,0.0674268,0.0295548,0.00156736,0.0150131
-73.0519,0.245425,-27.6775,1.44735,-2.29552,-3.57817,0.057086,0.0335811,0.00125406,0.0150307
-71.3194,0.309829,-27.4743,1.18344,-2.40587,-3.96869,0.0642972,0.0287439,0.00108806,0.0149487
-69.2269,0.313104,-26.9321,1.71911,-2.93707,-3.19968,0.058849,0.0339467,0.00150713,0.0150155
-67.2836,0.38015,-26.5502,1.18685,-2.2164,-3.30174,0.0643788,0.0307405,0.00222819,0.0150582
-64.883,0.395142,-26.0044,1.83605,-2.43233,-3.91949,0.062367,0.0443154,0.00193337,0.0149696
-62.3119,0.447595,-25.4805,1.62776,-2.83161,-3.27634,0.0628176,0.0299665,0.00274537,0.0149909
-59.9367,0.4577,-24.8473,1.93191,-2.54206,-3.84041,0.0603863,0.0378472,0.00214138,0.0149699
-57.0973,0.440946,-24.4601,1.83281,-2.70182,-3.54902,0.0587807,0.0368644,0.00256809,0.0163251
-53.7199,0.482016,-23.7875,1.56352,-2.202,-2.87006,0.0465349,0.0325145,0.00142202,0.0157093
-50.0917,0.474682,-23.1658,1.50391,-2.36363,-3.01268,0.0500448,0.0335966,0.00206274,0.015026
-47.0021,0.455973,-22.6774,1.86699,-1.6015,-4.07199,0.0519751,0.0401068,0.00343335,0.0159831
-43.4417,0.479786,-22.1863,1.69997,-1.89147,-3.38607,0.0520197,0.0404465,0.00312449,0.0159898
-40.1769,0.476573,-21.5887,1.5682,-1.41947,-3.31718,0.0391608,0.0408231,0.00352472,0.0149872
-37.0006,0.511451,-21.1704,1.7301,-1.51503,-3.05895,0.0350141,0.0375923,0.00271839,0.0160201
-34.4882,0.498413,-20.5679,1.74862,-1.0729,-2.8776,0.0315771,0.0400207,0.00276484,0.0150301
-32.7991,0.491798,-20.031,2.11612,-1.02528,-3.20605,0.0257031,0.0445513,0.00233073,0.014966
-32.0369,0.495117,-19.5817,2.30416,-0.593293,-2.47183,0.0142218,0.0502114,0.00222156,0.0150092
-31.9241,0.489256,-19.2175,2.11086,-0.0838993,-2.37849,0.00353715,0.0463322,0.00170379,0.0149781
-32.3682,0.506101,-19.2144,1.59022,0.475147,-2.28932,-0.00979211,0.0346649,0.000272374,0.0150562
-33.1872,0.479735,-19.4679,0.410209,1.04634,-2.60089,-0.0222536,0.00777357,-0.00104541,0.0159717
-34.2969,0.377523,-19.9328,-1.16389,1.78007,-2.93687,-0.0379261,-0.0280217,-0.00235168,0.0149331
-35.2832,0.351194,-20.2503,-1.39152,1.70133,-2.79168,-0.036024,-0.032213,-0.00268955,0.0150926
-36.8479,0.367965,-20.6007,-1.37224,1.86451,-2.65329,-0.0367115,-0.0325334,-0.00223275,0.0159404
-38.6876,0.362923,-20.8457,-1.19175,1.84346,-2.65874,-0.0351977,-0.0278777,-0.00209453,0.0160183
-40.4752,0.364036,-20.8527,-0.540456,1.61043,-3.04862,-0.0406381,-0.0151073,-0.00229898,0.0149754
-42.5274,0.36739,-20.9782,-0.868763,1.8912,-2.48842,-0.0363755,-0.0161724,-0.00165239,0.0150458
-44.7881,0.335223,-21.1209,-0.736268,1.72447,-3.00427,-0.0447838,-0.0207572,-0.00235446,0.0159334
-47.3044,0.312451,-21.1198,-1.03188,2.34791,-3.10413,-0.0528003,-0.0267385,-0.002234,0.0160775
-49.6807,0.344184,-21.3612,-1.01076,2.26739,-2.6446,-0.0518897,-0.0231974,-0.00275535,0.0159682
-52.251,0.368001,-21.5715,-0.803655,2.25355,-2.07648,-0.0413935,-0.0195967,-0.00161933,0.0150019
-54.4854,0.297302,-21.9685,-0.780882,2.13557,-3.14642,-0.0471118,-0.0243219,-0.00221616,0.0150589
-56.7979,0.374505,-22.4116,-0.931166,2.01736,-2.78687,-0.0449757,-0.0249049,-0.00222404,0.0149481
-58.9268,0.361909,-22.7403,-0.992011,2.42726,-2.90675,-0.0496741,-0.0246946,-0.00218141,0.0149617
-60.9564,0.362695,-23.2526,-1.34995,2.38755,-3.78353,-0.0560318,-0.0341841,-0.00264954,0.0150195
-63.0619,0.353701,-23.6071,-1.23413,2.87914,-2.97744,-0.0535239,-0.0274629,-0.00212845,0.0149917
-64.9169,0.327347,-24.0589,-0.98808,2.40657,-3.45664,-0.0516278,-0.0232212,-0.001056,0.0149981
-66.8246,0.325444,-24.4002,-1.12301,2.63958,-3.04551,-0.0525899,-0.0239553,-0.00242515,0.0150453
-68.5934,0.277486,-24.9621,-1.0042,2.48776,-3.15541,-0.0496192,-0.0253003,-8.53445e-05,0.0159122
-70.4108,0.282805,-25.3748,-1.20053,2.91282,-2.90934,-0.0553181,-0.0258256,-0.00154173,0.0150278
-71.8209,0.266285,-25.7318,-1.12828,2.15907,-2.87116,-0.0448923,-0.0235372,-0.000853847,0.0150094
-73.2836,0.190204,-26.0693,-1.04332,2.51401,-3.70763,-0.0569315,-0.0246631,-0.000737514,0.0159753
-74.3307,0.18192,-26.4337,-1.51466,2.92863,-3.46751,-0.0600325,-0.0345908,-0.001544,0.0150235
-74.9109,0.204508,-26.5333,-1.06929,2.51288,-3.48284,-0.0572429,-0.0272591,-0.00035486,0.0160344
-74.9355,0.205354,-26.585,-1.13026,2.42691,-3.8136,-0.0546788,-0.0272458,-0.000884777,0.0159562
-74.5508,0.235734,-26.3665,-0.440995,1.82385,-3.80667,-0.041497,-0.011795,-0.0001736,0.0150466
-73.8573,0.325175,-25.9487,0.4858,0.917778,-3.87344,-0.021022,0.00910831,0.000494468,0.0150136
-72.9805,0.356438,-25.4543,1.67442,-0.0999945,-3.82189,0.00189262,0.0356884,0.000710285,0.0149451
-72.1526,0.32691,-24.9295,2.78528,-1.05901,-3.81504,0.0230808,0.0612141,0.00061859,0.0160718
-71.2424,0.324317,-24.2583,2.63476,-1.21095,-3.72781,0.0285898,0.0603512,0.000348643,0.0149621
-70.2153,0.320947,-23.4927,2.86883,-1.48455,-3.09929,0.0322426,0.0606051,0.000935873,0.0151145
-69.2012,0.347205,-22.7488,2.40464,-1.32449,-3.65232,0.0318162,0.0540805,0.000897849,0.0158896
-67.5029,0.317677,-21.7604,2.19156,-1.51402,-3.49399,0.0351062,0.0525633,4.84297e-05,0.0149976
-65.6902,0.318486,-20.7749,2.58222,-1.86367,-3.38663,0.0394897,0.0490616,0.0010198,0.0149652
-63.812,0.318486,-19.7567,2.63787,-1.97456,-3.65132,0.0401229,0.0509153,0.000843507,0.0149904
-61.839,0.3193,-18.7608,2.2507,-1.71208,-2.82985,0.0387867,0.0461369,-0.00054541,0.0152437
-59.2457,0.3193,-17.4695,2.85725,-2.14222,-3.84497,0.0484607,0.0621458,0.00175379,0.016026
-56.6477,0.348828,-16.244,2.87451,-2.19229,-3.83192,0.0424656,0.0562865,0.000947038,0.0149504
-54.0459,0.350475,-15.1474,1.41859,-1.12315,-3.55533,0.0284579,0.0367783,0.00158103,0.0151125
-50.6848,0.26441,-13.8375,2.87375,-2.0939,-4.66715,0.0502696,0.0700226,-0.000277107,0.0148838
-48.3434,0.263564,-12.8882,2.91714,-2.08227,-3.54698,0.0381816,0.0569012,-5.53513e-05,0.0155984
-45.2679,0.262725,-11.7268,2.80089,-1.92204,-3.66222,0.0437898,0.0635548,0.000284557,0.0159489
-42.626,0.260244,-10.7294,2.82199,-1.95865,-4.2763,0.0483956,0.0708153,0.0010733,0.0149937
-40.0944,0.258622,-9.85831,2.77062,-1.96241,-4.02012,0.0434874,0.0576504,0.000619957,0.0151117
-37.6239,0.285763,-9.02894,3.0256,-2.16704,-3.69654,0.0443,0.0636549,-0.000283917,0.0159033
-35.4767,0.282667,-8.30739,2.16262,-1.56566,-4.01108,0.0399938,0.0521776,0.00119009,0.0150282
-33.8811,0.280411,-7.79551,2.51306,-1.85247,-3.84928,0.0385431,0.0546495,0.000816932,0.0149783
-32.4768,0.247963,-7.32111,2.16873,-1.49681,-3.55106,0.0356675,0.0515734,0.000423596,0.0149698
-31.4365,0.276068,-7.00961,2.31301,-1.54018,-3.15479,0.0376917,0.0548159,-0.000550132,0.0154362
-30.9527,0.27398,-6.80499,2.47116,-1.43799,-3.1879,0.0324911,0.0550251,0.00020651,0.0155961
-31.0075,0.273297,-6.78744,1.90829,-0.945725,-3.2764,0.0212038,0.0421543,-5.82892e-05,0.0149703
-31.6454,0.271949,-6.87719,1.01845,-0.197277,-3.40896,0.00444542,0.0231505,-0.000575608,0.0149977
-32.7656,0.243092,-7.17943,-0.368076,0.679597,-3.81853,-0.0150222,-0.0079724,-0.000501018,0.015048
-33.7727,0.127031,-7.52378,-1.88826,1.5392,-3.97197,-0.0340458,-0.0419429,-0.000183593,0.0149468
-34.7601,0.0989008,-7.84105,-2.42979,1.89239,-4.02769,-0.038424,-0.0503347,-4.35011e-05,0.0160024
-36.0773,0.0707958,-8.25656,-2.76988,2.16938,-4.40287,-0.0463739,-0.060112,0.000185626,0.015029
-37.2713,0.0427157,-8.6515,-2.93563,2.33362,-4.70376,-0.051109,-0.0656279,-0.000783905,0.0149555
-38.4541,0.0722436,-8.99369,-2.60107,2.102,-5.4301,-0.0531547,-0.0699668,-0.000646692,0.0150366
-39.7281,0.0722436,-9.37525,-3.14308,2.53328,-4.97945,-0.0554495,-0.0676702,-0.000849741,0.0150187
-41.0306,0.0419887,-9.74848,-3.43623,2.95679,-5.1572,-0.0618706,-0.0763151,-0.000603476,0.0149498
-42.2073,0.039845,-10.0328,-3.07895,2.68645,-5.18709,-0.0587549,-0.068366,-0.000764791,0.016028
-43.5693,0.0968133,-10.3906,-2.44452,2.33887,-4.70594,-0.0546251,-0.0579524,-0.000483387,0.0150475
-45.1087,0.0377576,-10.9195,-2.18028,2.16766,-5.09414,-0.0604326,-0.0656784,-0.00177472,0.014711
-46.665,0.0377576,-11.4752,-2.63883,2.44504,-4.82158,-0.0478985,-0.0568271,-0.00113866,0.0161047
-48.7071,0.00619835,-12.1422,-3.85157,3.57816,-5.0278,-0.0732396,-0.0831409,-0.00100458,0.0151744
-50.3364,0.00230415,-12.5858,-2.94253,3.04621,-5.11837,-0.0659784,-0.0655826,-0.000921314,0.0153503
-51.9514,0.0890249,-13.1415,-2.92078,2.69836,-5.17022,-0.0626929,-0.0684958,-0.000792496,0.0150841
-53.8099,0.00105601,-13.9525,-2.74687,2.4887,-5.1161,-0.0606532,-0.0637744,0.00118153,0.0148781
-55.7459,0.00167696,-14.8311,-3.7866,3.09071,-5.62395,-0.069786,-0.0841208,0.0002208,0.0150026
-57.3236,0.148081,-15.4825,-2.63754,2.31951,-5.614,-0.0449243,-0.0501644,0.000518383,0.0159391
-59.8123,0.141731,-16.3005,-2.28967,2.77232,-4.7571,-0.0603484,-0.0481655,-0.000250414,0.0152605
-61.7365,0.111663,-17.2187,-2.19571,2.29366,-4.99238,-0.0514607,-0.0489478,0.000654405,0.015748
-64.0805,0.078531,-18.1949,-2.80697,2.69519,-4.37891,-0.0571323,-0.0524413,-0.000303422,0.0161916
-66.2644,0.0461572,-19.1698,-2.7692,2.69069,-5.11426,-0.0580986,-0.0597846,0.00191537,0.0148643
-68.3411,0.0714412,-19.9949,-2.41802,2.81115,-4.5721,-0.0666839,-0.0589053,0.000926693,0.0149925
-70.1249,0.0699184,-20.8939,-2.91906,2.89319,-4.92093,-0.0623194,-0.068636,0.000223166,0.0160219
-72.3126,0.0656589,-21.7622,-2.63009,3.00571,-5.17434,-0.076157,-0.0632309,0.000907518,0.0150038
-74.0205,0.0640487,-22.617,-2.84578,3.077,-4.68088,-0.070727,-0.0664739,3.70881e-05,0.0149599
-75.8607,0.0329262,-23.5538,-2.80089,3.06959,-4.87194,-0.0676418,-0.0624953,-0.000342201,0.0160073
-77.7935,0.00210952,-24.5898,-2.97058,3.24641,-4.61182,-0.066263,-0.0598905,0.000965274,0.014994
-79.4366,0.000901852,-25.3937,-2.48112,2.91725,-4.58096,-0.0638207,-0.0512569,0.00083529,0.0150321
-81.2088,0.000112342,-26.2462,-2.47729,2.89824,-4.56378,-0.0691319,-0.0609434,0.00051626,0.0149311
-82.6496,-0.0590058,-26.9253,-1.66353,2.10142,-4.1768,-0.0493344,-0.0398019,0.00163808,0.0150728
-84.0851,-0.117999,-27.9176,-2.48658,2.5833,-4.30674,-0.060119,-0.0597552,0.000829814,0.0160022
-85.4807,-0.14719,-28.7575,-2.67996,2.87405,-4.52757,-0.0663706,-0.0632367,0.00015411,0.015936
-86.5693,-0.1171,-29.3795,-2.66619,2.89683,-4.49422,-0.0649078,-0.0594066,0.000766861,0.0159728
-87.6522,-0.145689,-29.9733,-2.7292,3.21751,-4.83975,-0.0752777,-0.060319,0.00218586,0.0150384
-88.3782,-0.144831,-30.3673,-2.62977,3.1747,-4.78766,-0.0736606,-0.0587137,0.00148576,0.0149471
-88.8112,-0.14464,-30.6806,-2.57726,2.72344,-4.68732,-0.0630086,-0.0586203,0.00108545,0.0150807
-89.0671,-0.174168,-30.8896,-2.80009,2.92553,-4.7794,-0.0678963,-0.0631667,0.00147681,0.0149995
-88.9107,-0.174359,-30.7999,-2.56809,2.55809,-4.63784,-0.0596131,-0.0583254,0.00166692,0.0150251
-88.4386,-0.174543,-30.4542,-1.77254,1.79363,-4.74605,-0.0428836,-0.0406116,0.00186647,0.0160264
-87.784,-0.115303,-29.8896,-0.550896,0.891081,-4.80307,-0.0227666,-0.0131124,0.00127249,0.0152556
-86.9879,0.0323364,-29.2578,0.784028,-0.139703,-4.82625,0.000509134,0.0169128,0.000331352,0.0146841
-86.189,0.0321523,-28.6706,1.89349,-1.01485,-4.65851,0.0203323,0.0419038,-0.000308363,0.015014
-85.4871,0.0319744,-28.1665,2.93966,-1.83663,-4.28139,0.0387299,0.0647723,-0.000921551,0.0162904
-84.9572,0.0323364,-27.6882,2.97051,-1.90994,-3.74525,0.0385121,0.0613638,-0.000784155,0.0157304
-84.262,0.00319548,-27.0905,2.94589,-1.86336,-3.72535,0.0385319,0.063586,7.68173e-05,0.0149672
-83.6852,0.0331353,-26.5878,2.85635,-1.89099,-3.50413,0.0393926,0.0622231,-0.00100723,0.0159506
-82.9063,0.0331353,-26.0156,2.29859,-1.63744,-3.62788,0.0360132,0.0530626,-0.000985169,0.0149492
-81.9204,0.0329262,-25.3394,2.66516,-2.06295,-3.65132,0.0453045,0.0595493,-0.000428997,0.0149975
-80.9081,0.0327234,-24.6571,2.73063,-2.24478,-3.97345,0.0484937,0.0615187,-0.00103473,0.0157532
-79.6557,0.0327234,-23.7865,3.05319,-2.55202,-3.7836,0.0555133,0.0680345,-0.000131927,0.0149524
-78.4995,0.0917791,-23.0003,2.64853,-2.21441,-4.00203,0.0482012,0.063257,-0.000103273,0.0150194
-77.0481,0.0913922,-22.1077,2.94574,-2.611,-3.95673,0.0550642,0.0636545,-0.000818858,0.0149628
-75.6184,0.0913922,-21.1832,2.63007,-2.35345,-3.87855,0.0517974,0.0610362,-0.00071973,0.0149986
-73.838,0.091208,-20.1006,2.51526,-2.20119,-4.33879,0.0548801,0.0601288,-0.00188248,0.015065
-72.2166,0.120558,-19.1491,2.41396,-2.08226,-4.0894,0.0445375,0.0501492,-0.000803866,0.015964
-70.1653,0.120386,-17.9778,2.45815,-2.18956,-3.66783,0.0438108,0.0529501,-0.00167367,0.015018
-68.1029,0.120062,-16.8795,2.4511,-2.22511,-3.8997,0.0503556,0.0580566,-0.000902532,0.0150302
-65.8581,0.0903811,-15.6948,2.54908,-2.25472,-4.22777,0.0440104,0.0553654,-0.00172225,0.0159924
-63.2851,0.090094,-14.4283,2.84933,-2.59242,-4.52404,0.0566356,0.0644364,-0.00206651,0.015998
-61.0177,0.119238,-13.4068,2.47785,-2.40897,-4.2931,0.0512501,0.0587472,-0.00204061,0.014989
-58.5746,0.119123,-12.2878,2.52942,-2.31485,-4.67246,0.0523486,0.0621075,0.000190329,0.0159784
-56.0299,0.119123,-11.1484,2.74906,-2.4548,-3.85472,0.0561034,0.0643418,-0.0032635,0.0160727
-53.4865,0.0895947,-10.0695,2.84953,-2.40376,-4.09754,0.0523197,0.0646486,-0.000840366,0.0149625
-50.9588,0.0894855,-9.08687,2.6272,-2.17777,-4.15864,0.0467655,0.0558541,-0.000393492,0.0150328
-48.6848,0.0894855,-8.22234,2.5628,-2.34602,-4.25675,0.0552217,0.0654554,-0.00221684,0.0159142
-46.3244,0.0894855,-7.37225,2.60997,-2.24028,-4.5405,0.0516446,0.0587743,-0.00120054,0.0150087
-43.9011,0.0894855,-6.54865,2.94654,-2.45426,-3.96499,0.0542184,0.0656779,-0.00158193,0.0161739
-42.0107,0.0893825,-5.97113,2.26478,-1.84243,-4.02281,0.0525743,0.0604837,-0.00119549,0.0154453
-40.0325,0.0894855,-5.33488,3.02601,-2.40381,-3.98582,0.0433536,0.0624996,-0.00208674,0.0144778
-38.7109,0.0893825,-4.97892,2.57208,-1.97212,-3.6767,0.0434821,0.0562961,-0.000917087,0.0148706
-37.5888,0.0897102,-4.56958,3.34898,-2.383,-3.67999,0.0428138,0.0605265,0.000180949,0.015092
-37.0746,0.090094,-4.33574,2.91838,-1.85553,-3.75726,0.0404082,0.0658262,-0.000871854,0.0149599
-37.0167,0.0903811,-4.25869,2.90531,-1.58536,-3.37184,0.0347709,0.0658238,-0.00131794,0.0149917
-37.6931,0.0906932,-4.38407,1.9134,-0.687205,-3.32564,0.0149139,0.0438524,-0.00142176,0.0159971
-38.9471,0.0908585,-4.70891,0.164644,0.56005,-3.41259,-0.013635,0.00433414,-0.00102963,0.01614
-40.489,-0.0275775,-5.225,-1.76911,1.76483,-3.63707,-0.0398918,-0.0389164,0.000333483,0.0158665
-41.7114,-0.0569462,-5.56822,-2.00528,1.70252,-3.25188,-0.0393892,-0.0435339,0.000781123,0.0149764
-43.2724,-0.0857751,-5.93953,-2.33353,2.03288,-3.89491,-0.0446975,-0.0485466,0.000988408,0.0150029
-44.9467,-0.115113,-6.46165,-2.44877,2.05395,-3.92652,-0.0450288,-0.055121,0.00130977,0.0149951
-46.5195,-0.143367,-6.81491,-2.27526,1.99335,-3.97683,-0.0484975,-0.0489049,0.000941652,0.0160221
-48.719,-0.111508,-7.32222,-2.33797,2.32669,-3.52787,-0.0440178,-0.0479525,0.00186248,0.014977
-50.3972,-0.0780861,-7.57267,-1.66055,2.05158,-3.81987,-0.0471742,-0.0370346,0.0010259,0.0149631
-52.5068,-0.0741542,-8.07882,-2.40083,2.69724,-3.77398,-0.0605934,-0.0521228,0.000963265,0.0160609
-54.8354,-0.126142,-8.5517,-1.96597,2.29264,-3.50998,-0.0494548,-0.0379893,0.000108432,0.0150259
-57.3397,-0.117055,-9.11106,-1.74499,2.06613,-4.07216,-0.0489786,-0.0397303,0.00226755,0.0150608
-59.803,-0.109882,-9.86302,-1.95193,2.12186,-3.94037,-0.0487031,-0.0432601,0.00138458,0.0149395
-62.2216,-0.132233,-10.6768,-2.16876,2.06184,-4.06011,-0.0548038,-0.0494393,0.00391481,0.0149629
-64.3851,-0.125241,-11.4454,-2.10796,2.08325,-4.23551,-0.0509857,-0.0495946,0.00191085,0.016093
-66.7794,-0.177656,-12.409,-2.62647,2.37793,-4.91789,-0.0590886,-0.0627341,0.00183584,0.0159217
-69.0747,-0.205462,-13.5725,-3.51712,2.8011,-5.24221,-0.0589376,-0.0716665,0.00114827,0.0150414
-70.7652,-0.23841,-14.6489,-4.0797,2.82696,-5.62249,-0.0581098,-0.0804565,0.00241315,0.0149425
-72.1253,-0.241729,-15.5649,-3.64389,2.31768,-5.65722,-0.0504306,-0.0812312,0.00277721,0.0150204
-73.0574,-0.245739,-16.2826,-3.91988,2.40744,-5.60946,-0.0546677,-0.0842194,0.0030165,0.0160317
-73.5012,-0.250344,-16.7527,-3.69313,2.12155,-5.2302,-0.0514048,-0.0826197,0.00191523,0.015958
-73.4932,-0.222302,-16.8166,-2.58392,1.2454,-4.31973,-0.0309963,-0.0586101,0.00156762,0.0149611
-73.2638,-0.192034,-16.6454,-1.99828,0.832934,-3.45427,-0.0205561,-0.0439251,0.00217943,0.0150419
-72.7666,-0.161761,-16.3164,-1.11735,0.391137,-2.19604,-0.0102193,-0.0247931,0.00130561,0.0160095
-72.1412,-0.0118469,-15.847,0.00923352,-0.151616,-0.796628,0.0028925,0.000299318,-6.81085e-06,0.0149514
-71.6699,0.0200118,-15.4714,-0.142711,0.11814,-0.0579119,-0.00118396,-0.00133413,-8.02894e-05,0.01507
-71.1131,0.407883,-14.9825,0.0255017,0.00950059,0.0403492,-0.000172706,8.90339e-05,-2.07419e-05,0.0149562
-70.6674,1.29289,-14.7691,0.0455639,-0.0481476,0.0267313,0.000349614,0.000267143,1.74895e-05,0.0149736
-70.2041,2.5857,-14.7991,0.0110077,-0.00766222,0.0199511,7.07347e-05,-4.66382e-05,2.2109e-05,0.0156108
-69.6092,4.22608,-15.1205,-0.0114963,-0.0062803,0.0158948,2.3359e-05,-0.000227087,1.0323e-05,0.0154581
-68.9482,6.09885,-15.7779,-0.018684,-7.68201e-06,0.0235738,-1.9847e-05,-0.000281363,-7.80065e-06,0.0160131
-68.2922,8.12059,-16.7478,-0.0149173,-0.00573477,0.0157476,-2.67733e-05,-0.000181527,5.1976e-06,0.014957
-67.6312,10.4137,-18.0416,-0.0104108,-0.00582852,-0.00462041,-3.20246e-05,-0.000115407,-9.21333e-06,0.0149656
-67.1577,12.273,-19.2012,-0.00304201,0.00486314,-0.0157111,-0.000179309,-7.61665e-05,-1.69896e-05,0.0160299
-66.9071,14.1373,-20.4125,0.00350295,0.0177506,-0.0270343,-0.000278327,2.66495e-05,-2.56491e-05,0.0159952
-67.0697,15.4973,-21.2793,-0.0238042,0.0464468,-0.0312243,-0.000548579,-0.000230298,-5.19043e-05,0.0149812
-67.7113,16.4665,-21.8414,-0.0247866,0.042219,-0.0266747,-0.000479721,-0.000297282,-3.81433e-06,0.0160313
-68.8037,16.9572,-22.0662,-0.0133522,0.0318076,-0.016566,-0.00035517,-0.000148694,1.90384e-06,0.0150154
-70.2209,17.0924,-21.9984,0.00223799,0.0146103,-0.0200383,-0.000210213,-0.000114993,-6.71369e-07,0.015007
-71.9424,16.8789,-21.697,0.00555414,0.00750781,-0.0117817,-7.70746e-05,8.26947e-07,2.50115e-05,0.0149927
-74.1291,16.3545,-21.1685,0.00276243,0.0123201,-0.00540747,-0.000157662,-7.06888e-05,2.45959e-06,0.0149791
-75.8076,15.9001,-20.6971,-0.00865372,0.0097959,-0.00355223,-0.000109134,-0.000142569,2.19667e-05,0.015007
-78.0689,15.2027,-20.1259,0.000132624,-0.00215806,0.00187245,8.73406e-08,-7.73132e-05,2.40548e-05,0.0149898
-80.1938,14.4909,-19.5928,0.0139262,0.000517356,0.00519255,-2.85787e-05,-1.65866e-05,1.88717e-05,0.0150158
-82.2949,13.7367,-19.0605,0.00700942,-0.00350658,0.00533573,-3.08924e-05,-5.76636e-05,1.89492e-05,0.0150358
-84.3132,12.9659,-18.5633,0.00863164,-0.00369838,0.00530487,7.03078e-05,-9.29434e-06,3.70453e-05,0.015962
-86.3162,12.0883,-18.1385,0.0132348,-0.0075477,-0.000855858,8.05598e-05,-7.87589e-06,5.13636e-05,0.0160093
-88.1919,11.0725,-17.7058,0.0117478,0.00466177,0.000642816,-1.57843e-05,2.67453e-05,4.77166e-05,0.0149779
-89.7518,10.1097,-17.3272,0.0116567,0.00333092,0.00340017,-2.45905e-05,-1.24706e-05,5.76733e-05,0.0150079
-91.3421,9.03782,-16.9823,0.0135408,-0.00740581,0.0011374,0.000122612,4.58274e-05,3.59071e-05,0.0160048
-92.9628,7.79788,-16.6721,0.0144306,-0.000291714,0.00917431,4.10946e-05,3.89035e-05,5.60855e-05,0.0160124
-94.3715,6.65817,-16.5291,0.00964771,-0.00181776,0.00413083,4.05762e-05,-7.48302e-06,3.74247e-05,0.0160252
-95.605,5.47365,-16.495,0.00760071,-0.00811403,0.000567916,0.000119367,-3.06597e-05,5.60944e-05,0.0149479
-96.541,4.37496,-16.6262,0.0110115,-0.00102273,0.00902303,3.09223e-05,4.81079e-05,4.62768e-05,0.0152687
-97.4492,3.11172,-16.9373,0.0139733,0.00459347,0.0119008,-5.27942e-05,1.57209e-06,4.77997e-05,0.0158346
-98.2978,1.92289,-17.3738,0.0175283,0.010505,0.0228963,-0.00012148,8.73233e-05,4.72053e-05,0.0158756
-98.8917,1.07023,-17.8123,0.0164617,0.00603976,0.0129748,-5.1336e-05,6.2183e-05,5.19404e-05,0.0150131
-99.4938,0.23254,-18.4202,0.0231566,0.00978485,0.00640247,-0.000117954,0.000122434,3.77647e-05,0.0150094
-100.018,-0.509255,-18.8985,0.0300754,0.0151617,-0.00116534,-0.000106254,0.00018712,4.25839e-05,0.0150276
-100.569,-0.844879,-19.4767,-0.635212,0.221437,-0.236922,-0.00264215,-0.00831115,8.39734e-05,0.014963
-100.886,-0.9514,-19.9358,-1.03582,0.370209,-1.71975,-0.0104738,-0.0229429,0.00140168,0.0151036
-101.073,-0.96919,-20.2851,-1.07564,0.525436,-1.60549,-0.013559,-0.02323,0.00196701,0.0148772
-101.024,-0.931285,-20.4735,-0.827342,0.343726,-1.8537,-0.0097043,-0.0179676,0.00131351,0.0150114
-100.922,-0.938284,-20.4635,-0.584493,0.146545,-2.13565,-0.00561272,-0.0118906,0.000884044,0.015974
-100.62,-0.908758,-20.2082,-0.0278794,-0.300604,-2.34911,0.00416974,0.000865509,-7.29434e-05,0.0160437
-100.144,-0.908758,-19.809,0.854565,-0.838978,-2.48971,0.0159709,0.0210453,-0.00174883,0.0160141
-99.601,-0.938284,-19.358,1.53733,-1.38709,-2.56175,0.0258441,0.0339385,-0.00268858,0.0149832
-98.9907,-0.938284,-18.8555,1.89973,-1.69165,-2.61519,0.0353696,0.0460945,-0.00406989,0.0150683
-98.319,-0.945257,-18.3838,1.83411,-1.89448,-3.03397,0.0379828,0.0436513,-0.00339963,0.0149651
-97.5346,-0.981732,-17.828,2.19884,-2.32772,-3.11559,0.0435469,0.0463891,-0.00399661,0.0160036
-96.6189,-0.962584,-17.2122,2.1409,-2.38576,-3.30432,0.0483023,0.0495758,-0.00335418,0.0159661
-95.8325,-0.972905,-16.7075,2.00586,-2.38795,-3.45108,0.0496206,0.0479485,-0.005196,0.0150251
-94.8517,-0.960458,-16.1338,1.88099,-2.51472,-3.8918,0.0517837,0.0452406,-0.00671475,0.0150044
-93.6928,-0.951222,-15.4727,1.98314,-2.48026,-3.39831,0.0569812,0.0505815,-0.00453482,0.0149526
-92.3594,-0.918876,-14.769,1.89538,-2.78655,-3.51255,0.0545478,0.040128,-0.00572142,0.0150136
-90.9298,-0.945184,-14.0143,2.05772,-3.00568,-3.79064,0.0608186,0.048807,-0.00562649,0.0149975
-89.472,-0.912045,-13.259,1.91557,-2.79615,-4.53954,0.0674299,0.0521872,-0.00424485,0.0149987
-87.9853,-0.878507,-12.5046,2.4401,-3.46675,-3.85742,0.0667893,0.0540337,-0.00760125,0.0160431
-86.1755,-0.847684,-11.589,1.90522,-2.96142,-3.57648,0.0649361,0.0517547,-0.00534676,0.014979
-84.552,-0.81024,-10.7567,2.03253,-2.87444,-4.08046,0.064143,0.0513684,-0.00164382,0.0149892
-82.5997,-0.784529,-9.87948,2.36788,-3.20285,-4.47372,0.0676063,0.0571917,-0.00473882,0.0159583
-80.3794,-0.72854,-8.87123,2.59991,-3.54213,-4.06128,0.0725895,0.060037,-0.00550113,0.0150183
-78.4309,-0.692717,-7.96671,2.25655,-3.39424,-3.93578,0.0679403,0.0539851,-0.00583952,0.0150331
-76.583,-0.712717,-7.12147,2.27121,-3.32828,-4.19057,0.0634369,0.0463691,-0.00423783,0.0150237
-74.5576,-0.732412,-6.2076,2.29651,-3.31757,-4.35786,0.0758302,0.0591014,-0.00703255,0.0149135
-72.581,-0.695495,-5.38929,2.33078,-3.37032,-4.17577,0.0720335,0.058727,-0.00466736,0.0150505
-70.4739,-0.65818,-4.53641,2.21719,-3.17714,-4.52156,0.0667318,0.0549929,-0.00347832,0.0149865
-68.3819,-0.649994,-3.72908,2.55407,-3.25803,-4.56783,0.0709113,0.0599844,-0.00324565,0.0149965
-66.2191,-0.644,-2.95654,2.02916,-2.80939,-3.90427,0.0680297,0.0554616,-0.00651987,0.0150013
-64.0859,-0.634969,-2.2032,2.33743,-3.0461,-4.23908,0.0603755,0.0522274,-0.00212804,0.0149626
-61.521,-0.600974,-1.35803,2.46688,-3.17712,-4.53924,0.0669267,0.0569604,-0.00527039,0.0150784
-59.1589,-0.593469,-0.619076,2.5657,-3.26701,-5.00569,0.0748285,0.0627017,-0.00263932,0.0149837
-56.8364,-0.610249,0.123722,2.80537,-3.35626,-4.66498,0.0721121,0.0640114,-0.00420887,0.0160217
-54.4226,-0.633691,0.765166,2.35188,-3.29879,-4.57467,0.0721113,0.0580063,-0.00397438,0.0159472
-52.197,-0.617931,1.41924,2.36661,-3.03506,-4.72118,0.0688051,0.0609167,-0.00497009,0.0160407
-49.9287,-0.604181,2.01936,2.43035,-3.11088,-4.363,0.0747048,0.0640795,-0.00523371,0.0150407
-48.1779,-0.587936,2.43778,2.46756,-3.13403,-5.08291,0.0697608,0.0632061,-0.00365411,0.0159881
-46.262,-0.567138,2.94923,2.83044,-3.41671,-4.45653,0.0722753,0.0660479,-0.00643873,0.0159527
-44.8492,-0.57791,3.24537,2.69282,-3.29688,-4.57107,0.0747825,0.0657865,-0.00494969,0.0149907
-43.5903,-0.552648,3.57294,2.82973,-3.22489,-4.61234,0.0688592,0.0660477,-0.00286726,0.0149966
-42.7272,-0.561104,3.70976,2.58347,-3.09195,-4.59259,0.0667194,0.062334,-0.00503394,0.0160709
-42.4328,-0.556889,3.85859,2.59338,-2.84176,-3.98634,0.0628424,0.0642399,-0.0052266,0.0149213
-42.5885,-0.527361,3.81267,1.89598,-2.30044,-3.603,0.0497725,0.046198,-0.00399402,0.0150536
-43.2536,-0.523121,3.67515,1.07533,-1.37086,-2.65485,0.0296213,0.0279097,-0.00280333,0.0149793
-44.2719,-0.491464,3.39499,-0.357242,-0.264951,-1.84019,0.00522195,-0.00580903,-0.000219727,0.0159639
-45.5543,-0.523121,2.96081,-0.914792,0.25236,-1.01811,-0.00778088,-0.0201917,0.00209748,0.0153941
-47.0093,-0.265113,1.93111,-0.14684,0.104049,0.00329623,-0.000900846,-0.0013874,-0.000104352,0.0145225
-48.3349,0.21427,0.6444,-0.0245905,-0.0423247,0.0105509,0.000528217,1.14672e-05,4.92342e-05,0.014699
-50.4,1.20285,-2.06426,-0.0139958,-0.0328533,0.0153061,0.000377808,-1.93558e-05,-6.91943e-05,0.0155067
-51.9273,2.0159,-4.44285,-0.0185953,-0.00918828,0.0131724,0.000173706,-8.06873e-05,-4.08571e-05,0.015924
-53.6908,3.10376,-7.47785,-0.0188865,0.00501834,0.027458,-1.528e-05,-9.695e-07,-1.5997e-05,0.0150139
-55.4787,4.46023,-10.6977,-0.0136998,0.00520593,0.0261561,-0.000125043,-4.61248e-05,-3.39566e-05,0.0149847
-57.2841,6.00044,-14.0791,-0.0150786,-0.0243553,-0.00732753,0.000172499,-5.17473e-05,-4.66302e-05,0.014994
-59.0112,7.37149,-17.5033,-0.00910703,-0.0247147,-0.0286411,0.000226869,4.82201e-05,-2.80423e-05,0.0150282
-60.743,8.24417,-20.8514,-0.00497809,-0.0129893,-0.028831,0.00011876,5.26251e-05,1.70527e-05,0.0159716
-62.6055,8.61169,-24.1487,0.00928891,-0.00101935,-0.0252464,-6.56737e-05,9.82451e-05,-6.50896e-07,0.0150121
-64.5787,8.53554,-27.0584,0.00462625,0.000117338,-0.0181109,-3.79223e-05,4.15616e-05,-3.88528e-05,0.0160405
-66.4811,8.20458,-29.4478,0.0196584,0.0127445,-0.00196336,-0.000151607,0.000192407,-1.5392e-05,0.0161015
-68.7041,7.63682,-31.5464,0.0197987,0.0101771,0.00669922,-0.000161668,0.000196292,-1.11737e-05,0.0148968
-70.9645,7.08615,-33.124,0.0207194,0.00816789,0.00843727,-0.000161392,0.000110846,4.1467e-06,0.0149749
-73.1771,6.53357,-34.2789,0.00323906,0.0045847,-0.00389702,-9.49421e-05,-1.54238e-05,-2.83287e-05,0.0149958
-75.7853,5.80201,-35.2657,0.00607232,-0.00151439,0.00736995,-3.87206e-05,1.58569e-05,3.66812e-06,0.0150028
-78.2085,5.09277,-36.0034,0.00545097,-0.00957639,0.00213747,0.000132049,3.36085e-06,7.15334e-06,0.0150519
-80.6469,4.22953,-36.5818,0.00898476,-0.0153552,-0.00909884,0.000159045,1.98069e-05,2.11945e-05,0.0149481
-82.9952,3.2488,-36.9885,0.00908277,-0.0179433,-0.00415371,0.000149394,2.40662e-05,2.55571e-05,0.0150893
-85.1077,2.21652,-37.2093,0.0112494,-0.0193537,-0.0041825,0.000133252,-2.17973e-07,2.10316e-05,0.0158858
-87.5112,0.827312,-37.2877,0.0127764,-0.0263198,0.000568118,0.000178785,1.99509e-05,2.93053e-05,0.0151387
-89.2207,0.117622,-37.5139,-0.235873,1.08081,-1.23483,-0.0242228,-0.00421768,-0.000692236,0.0160081
-90.0159,0.144613,-38.0954,-0.566064,0.742314,-1.15252,-0.0138978,-0.0132159,-0.00059794,0.0149427
-90.4403,0.0838977,-38.3937,-0.707282,0.99178,-1.88224,-0.0226726,-0.0165303,-0.000989049,0.0158967
-90.4403,0.0248419,-38.3937,-0.741344,0.897694,-2.42661,-0.019462,-0.0181194,-0.000664152,0.0151229
-90.1482,0.0535492,-38.0942,-0.0689826,0.572052,-2.73306,-0.0123866,-0.00269235,-2.9269e-05,0.0148553
-89.6707,0.111791,-37.6333,0.905896,-0.0569913,-2.98433,0.0015527,0.0190997,0.000500034,0.0150109
-89.0611,0.110982,-37.0619,2.04328,-0.723253,-3.07872,0.0163078,0.0447741,0.000618739,0.0150675
-88.4286,0.110982,-36.5165,2.8668,-1.2859,-3.38047,0.0264104,0.0523193,0.000885299,0.014968
-87.8515,0.104742,-35.7153,3.16949,-1.21117,-3.27278,0.0255441,0.065245,0.00114123,0.0150804
-87.2674,0.129137,-34.9556,2.2956,-0.813478,-3.13107,0.0218403,0.057512,0.000658987,0.0157242
-86.3916,0.155186,-34.0414,2.51784,-1.08422,-2.8926,0.027004,0.0564438,0.00133912,0.015068
-85.634,0.146274,-32.8962,2.44264,-0.828217,-2.93543,0.0205527,0.0549925,0.00113452,0.0152588
-84.6112,0.139609,-31.6338,2.51936,-1.02957,-3.21185,0.0251272,0.0576752,0.000908291,0.0147436
-83.6244,0.132541,-30.3104,2.5181,-1.054,-2.90336,0.0197419,0.0464993,-0.000989083,0.0149715
-82.3603,0.127211,-28.8402,2.42394,-0.97218,-3.55905,0.0206392,0.0541829,-0.000197957,0.0160041
-80.6104,0.123616,-27.1252,2.86333,-1.34204,-3.39852,0.0313642,0.0651949,0.00069455,0.0159886
-78.8138,0.149914,-25.322,2.99309,-1.52809,-4.23819,0.0259,0.0670646,-0.00261722,0.0150297
-77.0366,0.177545,-23.5502,3.09589,-1.52364,-4.22771,0.0292804,0.0723787,-0.00216428,0.0159798
-75.0714,0.17742,-21.5702,2.55674,-1.10842,-4.0539,0.0294491,0.0643316,-0.000225428,0.016004
-72.9343,0.179614,-19.582,2.69006,-1.26006,-3.57879,0.0311303,0.0720933,-0.00282712,0.0150302
-70.7693,0.125005,-17.6449,2.92999,-1.38531,-3.38452,0.0325087,0.0710691,-0.00097831,0.0149371
-68.8243,0.131705,-15.8954,2.73461,-1.39178,-3.99492,0.0295565,0.059789,-0.00121128,0.0160349
-66.29,0.115573,-13.6188,3.10207,-1.35936,-4.19242,0.0302167,0.066588,-0.000676452,0.0150319
-64.018,0.0722436,-11.6575,3.02948,-1.28148,-3.80635,0.0223234,0.0657429,-0.000251046,0.0149779
-61.7531,0.0629191,-9.73245,2.82823,-1.21595,-3.99816,0.0318481,0.0676412,-0.00187713,0.0160362
-59.2813,-0.0026012,-7.80965,2.75272,-1.43397,-4.03718,0.0325339,0.0702212,-0.00323148,0.0150511
-56.9394,-0.0408504,-6.1722,3.02866,-1.71803,-4.11665,0.0383121,0.0719233,-0.00307493,0.0149144
-54.6673,-0.107646,-4.65304,2.3213,-1.44748,-3.27966,0.0346687,0.0633458,-0.00339771,0.0160304
-52.228,-0.176529,-3.2174,3.01647,-1.9041,-4.06973,0.0426065,0.0697878,-0.00400124,0.0150023
-50.3809,-0.187849,-2.11649,2.90563,-1.78772,-3.89737,0.0358391,0.0648276,-0.00435446,0.0149464
-48.4376,-0.198115,-1.0143,3.1467,-1.83062,-3.25561,0.0388175,0.0708581,-0.0041596,0.0149975
-46.7915,-0.208928,-0.0771319,3.1943,-1.79573,-3.56646,0.0332725,0.0703944,-0.00188483,0.0150326
-45.298,-0.279567,0.755014,3.09286,-1.79617,-3.62001,0.0358096,0.0718076,-0.00517892,0.0159691
-44.0126,-0.292128,1.47178,2.51503,-1.63795,-3.71494,0.0352416,0.0646864,-0.0039757,0.0149699
-43.0848,-0.342467,1.91152,2.57448,-1.76407,-3.75166,0.0391482,0.0677709,-0.00595108,0.0150371
-42.4954,-0.337162,2.1818,2.83847,-1.75782,-3.0539,0.036203,0.0660324,-0.00442429,0.0159994
-42.2902,-0.337162,2.2431,1.84829,-1.40169,-2.75582,0.0287519,0.043511,-0.00242934,0.015946
-42.4273,-0.340705,2.14068,1.40657,-1.40157,-2.29941,0.0303107,0.0343436,-0.00275115,0.0150801
-43.1786,-0.344223,1.85214,0.201327,-0.643322,-1.6371,0.0136241,0.00657948,-0.00130991,0.0149748
-44.2175,-0.3755,1.50002,-1.12471,0.246326,-1.13397,-0.0057901,-0.0234319,0.00119601,0.0150089
-45.3597,-0.154745,0.859403,0.00962814,-0.0771068,0.0612491,0.00105863,0.00063547,-0.000159689,0.0150216
-47.1064,0.105963,0.190885,-0.0020272,0.0985199,0.005042,-0.000602128,0.000306362,-5.4861e-05,0.014961
-49.2377,0.446067,-0.263688,-0.0574321,0.0861911,0.00781911,-0.000810996,-0.000463262,-2.62933e-05,0.0149683
-51.9262,0.810392,-0.551012,0.00659802,0.0289261,-0.000972721,-0.000207356,0.000158153,-3.62185e-06,0.0150881
-54.9855,1.18985,-0.845357,0.0149488,0.018055,0.00858834,-9.95913e-05,9.32066e-05,-9.52902e-06,0.0159169
-58.5577,1.85558,-1.19916,0.00760841,0.0307519,0.0277583,-0.000242113,6.29891e-05,-1.76453e-05,0.0150825
-62.1031,2.81674,-1.7318,-0.00543551,0.0129638,0.0178458,-3.72392e-06,-8.84992e-06,-1.79089e-07,0.0159355
-66.1923,4.19215,-2.69642,-0.00946,0.0184254,0.0157199,-8.57335e-05,-7.69962e-05,-1.2727e-05,0.0149872
-69.5605,5.40008,-3.72048,0.00244781,0.016203,-0.00347555,-3.74454e-05,8.01266e-05,4.94277e-06,0.0150476
-73.4381,6.63386,-4.85398,0.0113877,0.00836765,-0.026801,-2.3216e-05,4.89598e-05,3.44984e-05,0.0149901
-77.1085,7.38999,-5.76492,0.00867669,-0.00363835,-0.033611,0.00011111,0.000107381,3.69121e-05,0.0149467
-80.4181,7.65562,-6.4982,0.00398122,-0.0156115,-0.0209606,9.85141e-05,-2.48842e-05,3.69774e-05,0.014985
-83.9943,7.53088,-7.31806,0.0163638,-0.00462476,-0.012461,-9.84272e-06,4.68442e-05,2.78387e-05,0.0160803
-87.4753,7.25464,-8.01836,0.0483049,0.0321835,-0.00399775,-0.000245655,0.000390763,4.74621e-05,0.0159622
-91.0344,6.81348,-8.35053,0.030404,0.00622677,-0.00884185,-2.96041e-05,0.000199001,5.11072e-05,0.0160117
-94.3208,6.1801,-8.37978,0.0374945,0.00378006,-0.0270167,7.98179e-05,0.000244304,2.64173e-05,0.0150122
-97.4856,5.16879,-8.08394,0.0408494,0.0135498,-0.0281599,-3.2e-05,0.000363004,4.09577e-05,0.0150583
-100.542,3.82487,-7.43843,0.0366647,-0.00182076,-0.0139457,4.37184e-05,0.000266677,8.30614e-05,0.0149174
-103.191,2.27159,-6.62003,0.0331015,-0.0079354,-0.0131386,0.000102944,0.00016141,4.00776e-05,0.0149868
-105.563,0.319341,-5.62459,0.0323734,-0.00954061,-0.00566299,0.000181281,0.000176535,5.34399e-05,0.0160158
-107.666,-2.22187,-4.41792,0.0287836,-0.0365713,-0.0108582,0.000477157,0.000118767,6.77181e-06,0.0160013
-108.079,-2.8932,-4.75204,-1.06415,-0.235114,-5.12388,-0.0047394,-0.0158452,0.00191858,0.0150572
-107.904,-2.67135,-4.6707,-1.03479,-0.632905,-3.366,0.0070989,-0.0188328,0.00168611,0.0159484
-107.389,-2.84693,-4.4158,-0.403133,-1.54312,-4.31032,0.0261046,-0.00358957,-0.000692656,0.0160073
-106.981,-2.79496,-4.12605,0.392829,-2.02514,-3.15719,0.0391645,0.012998,-0.00323042,0.0159751
-106.669,-2.80197,-3.91689,0.726363,-2.44793,-3.69189,0.0473968,0.020973,-0.00460923,0.0151235
-106.511,-2.81596,-3.86569,0.864214,-2.67456,-3.59941,0.0526721,0.0240233,-0.0052756,0.0159314
-106.409,-2.83691,-3.89494,0.733503,-2.71264,-3.4948,0.0572777,0.0224305,-0.00524583,0.0159887
-106.184,-2.8578,-3.82824,0.745367,-3.02985,-3.34026,0.0620317,0.0212848,-0.0054912,0.014989
-106.166,-2.86475,-3.85086,0.725262,-3.15157,-3.10476,0.0651396,0.0204256,-0.00555713,0.0149668
-106.03,-2.86993,-3.92447,0.467444,-2.98348,-3.22918,0.062563,0.016209,-0.00403312,0.0150378
-105.829,-2.89066,-3.87749,0.3622,-3.14806,-3.16393,0.064782,0.01278,-0.00530686,0.0149642
-105.446,-2.84602,-4.1164,-0.303794,-2.85701,-3.19573,0.0584553,-0.00222547,-0.00305852,0.0150671
-105.109,-2.88232,-3.89283,0.204999,-3.32178,-3.28636,0.0683233,0.00973642,-0.00509729,0.0149372
-104.743,-2.84131,-3.85906,0.2126,-3.26512,-3.46403,0.0710377,0.0106067,-0.00507676,0.0160379
-104.094,-2.80403,-3.78855,0.157874,-3.46857,-3.29873,0.071005,0.00897298,-0.00570406,0.0159803
-103.401,-2.76277,-3.83032,0.0565934,-3.47172,-3.15496,0.0710051,0.00601372,-0.00524373,0.0149804
-102.797,-2.75631,-3.65765,0.30447,-3.69334,-3.54449,0.0748497,0.0109783,-0.00469604,0.0150042
-102.267,-2.71995,-3.54201,0.516263,-4.13571,-3.18006,0.0876097,0.01554,-0.00572888,0.0159991
-101.734,-2.66277,-3.63846,0.154846,-3.50792,-3.56254,0.0796097,0.00987978,-0.00615559,0.0160606
-101.13,-2.65484,-3.47304,0.511685,-3.56636,-3.62931,0.0776686,0.017051,-0.0054138,0.0159238
-100.559,-2.62332,-3.36882,0.677432,-4.00331,-3.097,0.0874247,0.0206544,-0.00704644,0.0150615
-100.206,-2.57691,-3.17744,0.86303,-4.03885,-3.59743,0.0805592,0.0226034,-0.0064081,0.0159556
-99.3841,-2.50118,-3.31718,0.0471705,-3.47559,-3.80472,0.0770486,0.00583313,-0.00429347,0.0160432
-98.4402,-2.41133,-3.47761,-0.168272,-3.46334,-3.06155,0.0679017,-0.000856551,-0.00323869,0.0150623
-97.4241,-2.34744,-3.59232,-0.0896875,-3.48517,-2.90464,0.077424,0.000953302,-0.0034134,0.0149653
-96.5104,-2.27508,-3.57335,0.160605,-3.51129,-3.17211,0.0807808,0.00849305,-0.0044107,0.0149624
-95.3507,-2.23452,-3.59919,0.197673,-3.78044,-3.71546,0.0775679,0.00689508,-0.00427908,0.0149989
-94.1538,-2.13686,-3.63972,0.130372,-3.79248,-3.44205,0.0809429,0.0089139,-0.00484316,0.0159748
-92.8206,-2.05653,-3.73604,0.159977,-3.90957,-3.21266,0.0907747,0.0100397,-0.00653187,0.0150088
-91.8884,-2.03094,-3.52152,0.66467,-3.96168,-3.45021,0.0816436,0.021492,-0.00622676,0.0150771
-90.7342,-1.91378,-3.7532,0.0969545,-3.70942,-2.95897,0.0774945,0.004729,-0.00397224,0.0149191
-89.6116,-1.82623,-3.6316,0.492188,-3.89905,-3.68651,0.0786376,0.0133995,-0.00602299,0.0150037
-88.5337,-1.79018,-3.72188,0.178767,-3.92438,-3.39769,0.0761784,0.00742259,-0.00452265,0.016
-87.3548,-1.67156,-3.8201,0.234103,-3.91393,-3.47747,0.082055,0.00888921,-0.0041158,0.0149985
-86.0323,-1.56837,-4.21435,-0.266551,-3.198,-3.68578,0.0749847,0.00180139,-0.00427846,0.0150281
-84.48,-1.52038,-4.50876,-0.250961,-3.74139,-3.26865,0.0768783,-0.00410307,-0.0039678,0.0159735
-82.8904,-1.41669,-4.8936,-0.188204,-3.73058,-3.10034,0.0749168,0.00123165,-0.00393591,0.0160096
-81.292,-1.23667,-5.2155,0.0536084,-3.62219,-3.26652,0.0748771,0.00429493,-0.00203275,0.0149787
-79.6684,-1.1033,-5.50217,-0.00173926,-3.48711,-3.57626,0.079781,0.00582991,-0.0029169,0.01501
-77.8145,-1.01661,-5.94023,-0.137023,-3.50796,-3.97946,0.0785655,0.00140581,-0.00308013,0.0150156
-76.0463,-0.932291,-6.2747,0.10215,-3.7504,-3.48213,0.0743062,0.00640036,-0.00367474,0.0149772
-74.3045,-0.819198,-6.77376,-0.0543151,-3.94012,-3.66081,0.0764741,0.00532665,-0.0039406,0.0149784
-72.3743,-0.662149,-7.14987,0.0126542,-3.85447,-3.12699,0.0794148,0.0058808,-0.00366361,0.0150286
-70.6152,-0.550519,-7.60323,-0.0523115,-3.59608,-3.24608,0.0841707,0.00443069,-0.00305802,0.0160004
-68.679,-0.457434,-7.97892,0.272752,-3.74845,-4.09863,0.0836106,0.0122275,-0.00249199,0.015977
-66.9149,-0.396009,-8.1307,0.486161,-3.59533,-3.50499,0.0759131,0.012855,-0.00298148,0.0150146
-65.3744,-0.328204,-8.4112,0.551744,-3.93105,-3.98878,0.0920305,0.016773,-0.00238503,0.0160044
-63.7099,-0.257806,-8.74215,0.375478,-3.50235,-3.94651,0.079536,0.0106205,-0.00150958,0.0158812
-62.2147,-0.204039,-9.00467,0.426637,-3.77591,-3.91015,0.0798601,0.012904,-0.00180004,0.0149565
-60.7507,-0.146406,-9.35878,0.310254,-3.35226,-4.23979,0.0751247,0.0132722,-0.00148963,0.0160037
-58.703,-0.0615944,-9.91255,0.0940617,-3.35336,-3.70415,0.0756525,0.00587096,-0.000837035,0.0149743
-56.9211,0.0071898,-10.5718,0.0891891,-2.91365,-3.81914,0.0670946,0.00459089,-0.00109279,0.0160285
-54.3225,0.0599576,-11.5394,0.0866792,-2.56439,-3.81452,0.0660059,0.00107194,-0.000766173,0.0150295
-51.9898,0.0752326,-12.3278,0.162833,-3.13573,-4.23158,0.0707059,0.00473678,0.000776165,0.015982
-49.4862,0.14378,-13.2662,0.272202,-2.84443,-4.25865,0.0730894,0.00597262,0.00234395,0.0149866
-46.9613,0.219207,-13.7862,0.776346,-3.71263,-4.06885,0.0820941,0.0130551,0.00266538,0.0151098
-44.5667,0.247941,-14.3581,0.884321,-3.30992,-4.521,0.0786084,0.016562,0.00231653,0.0148971
-42.3932,0.309327,-14.8514,0.688303,-3.26879,-4.06415,0.0695979,0.0149667,0.0022921,0.0149902
-40.2794,0.34357,-15.2683,0.976768,-2.64706,-4.54844,0.0676053,0.0190906,0.00308422,0.0160242
-38.8283,0.41001,-15.3943,1.35428,-3.27989,-3.44902,0.0734044,0.0275915,0.00366289,0.0159702
-38.3874,0.408011,-15.2266,1.74002,-2.60682,-4.41433,0.0636125,0.0396358,0.00241457,0.0160073
-38.571,0.402052,-15.1909,1.67506,-2.02722,-3.34413,0.0478052,0.037136,0.00168154,0.0150075
-39.3172,0.425677,-15.3318,0.833819,-1.07557,-2.78941,0.0260099,0.0187156,0.000394916,0.0160065
-40.3457,0.392245,-15.5996,-0.503625,0.00158094,-1.97903,0.00113526,-0.0115408,-0.000506975,0.0159384
-41.322,0.364666,-15.9524,-0.708544,0.357845,-1.21619,-0.00888509,-0.0226461,-0.000431712,0.015019
-42.3904,0.506651,-16.6882,-0.265952,0.047205,-0.327326,-0.00116957,-0.00530604,-0.000280841,0.01508
-43.8965,0.603198,-17.7811,-0.0112355,0.00662731,0.00934681,-4.56176e-05,1.82642e-05,-5.84687e-05,0.0159663
-45.6264,0.817803,-19.3624,-0.0239864,-0.0464006,0.0192558,0.000481665,-0.000113082,-5.5659e-05,0.0150835
-47.4101,1.23803,-21.2906,-0.0263377,-0.00692682,0.0261793,0.000214841,-9.24916e-05,-1.24147e-05,0.0159102
-49.6429,2.01806,-23.7481,-0.0323731,-0.00141527,0.00592383,1.93125e-05,-0.000254191,-2.72081e-05,0.0150146
-51.8135,2.85881,-26.1303,-0.0448266,-0.00601473,0.00196096,0.000104812,-0.000298832,-5.16056e-05,0.0149965
-54.0135,3.74788,-28.6734,-0.0327337,-0.0108887,0.00110884,0.000113957,-0.000129609,-4.45343e-05,0.0150016
-56.1746,4.53561,-31.0528,-0.0176863,-0.0205324,-0.00558536,0.000181985,-0.000141933,-4.52306e-05,0.0149889
-58.7035,5.25198,-33.7858,-0.00244603,-0.0299236,-0.0281199,0.000240286,-5.10777e-05,-3.16729e-06,0.0159548
-61.2439,5.49865,-36.3248,-0.00221119,-0.0129105,-0.0252819,6.27839e-05,-8.29542e-05,-2.917e-05,0.0150874
-63.6944,5.37141,-38.4649,-0.0103577,-0.0058286,-0.0200991,3.90137e-05,-9.19811e-05,-3.81815e-05,0.0159143
-66.3839,4.81513,-40.4705,0.0069625,-0.0271287,-0.0273756,0.000248354,3.95464e-05,-8.87278e-06,0.0151236
-68.6713,4.01806,-42.019,0.0104694,-0.0264089,-0.0173598,0.000222944,5.02091e-05,4.59258e-07,0.0149306
-71.0606,2.92108,-43.4335,-0.00516716,-0.0209263,-0.0135097,0.000156194,-0.000125332,1.77769e-05,0.0149986
-73.2146,1.6813,-44.535,0.0137379,-0.0231578,-0.0169754,0.000173157,5.40128e-05,2.02934e-05,0.0151851
-75.4709,0.456037,-45.6414,-0.841668,0.956676,-1.87473,-0.0198334,-0.021605,-0.00270229,0.0156358
-76.9702,0.434598,-46.9406,-1.13757,0.92425,-1.63919,-0.0157493,-0.0216717,-0.000734879,0.0153935
-77.9004,0.383656,-47.7975,-1.49039,1.32794,-2.41503,-0.0290586,-0.0355788,-0.00301564,0.0150162
-78.2865,0.346016,-48.0496,-1.48058,1.35471,-2.54345,-0.0294365,-0.03708,-0.00310156,0.0160351
-78.2559,0.371496,-47.9847,-1.12298,1.20415,-2.77648,-0.0249527,-0.0285889,-0.00228384,0.0150484
-77.8287,0.422475,-47.5449,-0.241675,0.852285,-2.97918,-0.0171734,-0.00888049,-0.000807313,0.0148476
-77.1666,0.49899,-46.8748,0.982038,0.232258,-2.98507,-0.00312034,0.0188429,0.000933592,0.0151308
-76.2939,0.490976,-46.0807,2.52929,-0.617463,-2.85624,0.01535,0.0514982,0.00268218,0.0149227
-75.6252,0.518223,-45.2394,2.77877,-0.706063,-2.92039,0.016731,0.0573773,0.0034331,0.0150274
-74.6575,0.530308,-44.0264,2.28774,-0.543846,-3.48411,0.0128437,0.0491668,0.0028435,0.015967
-73.8469,0.535691,-42.883,2.72682,-0.457914,-3.02644,0.0126527,0.0522144,0.00271697,0.0160275
-72.9123,0.549704,-41.4463,2.5903,-0.261729,-2.68619,0.010316,0.0516869,0.00265319,0.0162315
-71.7932,0.547322,-40.0107,2.6001,-0.483629,-2.57715,0.0127783,0.0591559,0.00202925,0.0149128
-70.729,0.522692,-38.3932,2.35391,-0.2026,-3.43649,0.0058304,0.0513221,0.00162724,0.0148386
-69.5092,0.511451,-36.8079,2.81157,-0.389593,-3.08878,0.0075979,0.0571157,0.00163483,0.0149962
-68.2782,0.513673,-35.0391,2.72737,-0.162606,-2.81074,0.00503372,0.0598151,0.0013771,0.0160246
-66.7379,0.535234,-33.2866,2.83792,-0.641795,-3.08659,0.0165697,0.0660177,0.0031899,0.0149492
-65.3109,0.516141,-31.477,3.12946,-0.600536,-3.60144,0.0130574,0.0642378,0.00163188,0.0150334
-63.7722,0.506876,-29.7127,3.39055,-0.517246,-4.32077,0.0139812,0.0802537,0.00238307,0.0159968
-62.2312,0.513677,-27.7553,3.28232,-0.325909,-3.41801,0.00900691,0.0721515,0.0018022,0.0149247
-60.5847,0.5428,-26.0213,3.23363,-0.375419,-4.22753,0.0104112,0.0669332,0.00230563,0.0150384
-59.0958,0.596809,-24.2802,3.28314,-0.280604,-3.66369,0.00707482,0.0679226,0.00156941,0.0150501
-57.5888,0.557849,-22.4041,3.45442,-0.478558,-3.78072,0.0131434,0.0738949,0.00182171,0.0150119
-55.9583,0.527789,-20.5423,3.34489,-0.440257,-3.86783,0.0119015,0.0821065,0.000565393,0.0150262
-54.5477,0.512079,-18.9835,3.44121,-0.393968,-4.17733,0.0112294,0.0784851,0.00237474,0.0163928
-53.0907,0.305744,-16.9845,2.99571,0.321137,-4.94984,-0.00713724,0.0660068,0.0021318,0.0156828
-50.9313,0.370244,-15.4349,3.55451,-0.603787,-3.84279,0.0150425,0.0724839,0.00116601,0.0148779
-49.4422,0.310225,-13.9149,3.96591,-0.577546,-4.40868,0.0102073,0.080984,-2.59802e-05,0.0159617
-47.8448,0.348013,-12.5417,2.99641,-0.585661,-4.58252,0.0128042,0.0696948,0.000792609,0.0146865
-46.3872,0.298856,-11.155,3.32006,-0.692975,-4.85625,0.0168336,0.0832599,-5.31301e-05,0.0160072
-44.7791,0.253311,-9.68015,3.73473,-0.834814,-4.64513,0.0218838,0.0898547,0.000624879,0.0149773
-43.5094,0.24434,-8.53413,3.38742,-0.587907,-4.67668,0.0101031,0.0714592,-0.000513874,0.0160492
-41.7922,0.239621,-7.41945,3.81774,-0.912984,-4.29697,0.0185858,0.0818517,-0.000579465,0.0149735
-40.5717,0.207822,-6.60775,3.63784,-1.22061,-5.27275,0.0269457,0.0847725,-0.00112686,0.0149864
-39.364,0.17718,-5.72225,4.15703,-1.18899,-4.78267,0.02493,0.0932334,-0.000308041,0.0150151
-38.3051,0.177545,-5.01655,4.189,-1.11223,-4.5133,0.0228066,0.0906909,-0.000840075,0.0149839
-37.1313,0.178818,-4.32076,3.58665,-1.14312,-4.57523,0.0210841,0.0853441,-0.00227154,0.0150763
-35.9628,0.122384,-3.57801,3.48748,-1.10432,-4.28215,0.021214,0.0822005,-0.0025297,0.0149489
-34.9641,0.12655,-2.86089,3.6272,-1.23903,-4.4942,0.026169,0.0848921,-0.00143306,0.0149934
-33.9455,0.100579,-2.30049,3.56466,-1.3329,-4.44711,0.0282894,0.0810059,-0.00160298,0.0149915
-33.1212,0.0427122,-2.00833,3.39542,-1.63233,-4.31108,0.0335441,0.0755803,-0.000743857,0.0159925
-32.4873,0.043536,-1.79672,3.63838,-1.93309,-4.18411,0.041958,0.081505,-0.00125067,0.0150196
-32.3964,0.0161769,-1.62369,3.043,-1.30547,-4.36471,0.0272098,0.0696196,-0.00145449,0.0159989
-32.2716,0.0161769,-1.59447,2.86467,-1.31009,-3.91024,0.0286595,0.0678341,-0.00190844,0.0150002
-32.3964,0.0161769,-1.62369,2.38429,-1.09918,-3.49242,0.0239749,0.0549627,-0.00187561,0.0150099
-32.7003,0.0148569,-1.78638,1.68046,-0.956324,-2.86521,0.0212959,0.0399299,-0.0016166,0.0159579
-33.4198,0.0131843,-2.08049,0.423248,-0.438043,-2.29529,0.0100346,0.0112079,-0.00078578,0.0160143
-34.3852,-0.0474442,-2.44029,-1.06409,0.258683,-1.74385,-0.0055661,-0.022962,0.000309689,0.0160209
-35.2261,0.0681553,-2.86709,-0.101826,-0.0226825,-0.463606,-0.00153427,-0.00398636,0.000784135,0.0149802
-36.4742,0.213298,-3.43914,-0.0347779,0.14396,0.0194281,-0.00126042,-0.000243826,2.68351e-05,0.0150336
-38.0455,0.688578,-3.59509,-0.0971974,0.106875,0.0252454,-0.000781139,-0.000749443,-2.59173e-06,0.0161176
-40.1561,1.81516,-3.84369,-0.0377091,0.0087652,0.0388099,9.65193e-06,-0.000218781,8.63387e-07,0.0148618
-42.1982,3.43975,-4.43402,0.0291295,0.00108629,0.0310258,5.86833e-05,0.00029551,-5.88303e-05,0.0149986
-44.4371,5.41668,-5.24983,-0.0180895,-0.0283275,-0.0139718,0.000300065,-5.92944e-05,1.52869e-05,0.0150136
-46.6102,7.21284,-6.3239,-0.0404024,-0.0412997,-0.0282626,0.000296608,-0.000256522,7.33667e-06,0.0149873
-48.4378,8.56247,-7.71853,-0.0245361,-0.0347549,-0.0246979,0.000263259,-0.000233678,3.06346e-06,0.0159946
-49.991,9.61859,-9.41612,0.00658478,-0.00893687,-0.00909108,9.64627e-05,6.94211e-05,1.66587e-05,0.0149732
-51.1554,10.3854,-10.7218,0.0493306,0.0129234,0.0119711,-0.000118373,0.00044507,1.46267e-05,0.0160361
-52.4815,11.3591,-11.7843,0.0202357,1.13216e-05,0.0150521,-1.29934e-05,0.000126109,-2.20257e-05,0.0159882
-53.6266,12.3318,-12.6061,-0.00219489,-0.0168309,0.0164677,0.000108956,4.0282e-05,-1.38657e-05,0.0150185
-54.6802,13.5114,-13.5608,-0.0171988,-0.00181093,0.00949872,-4.21059e-05,-0.000128467,5.1989e-06,0.0159713
-55.7495,14.6913,-14.5802,-0.00217779,0.00280111,-0.0101661,-7.56915e-05,5.77237e-05,-1.49071e-05,0.0149724
-56.8286,15.6048,-15.4352,-0.0108168,0.0110905,-0.0027575,-8.66618e-05,-0.000113956,-2.55875e-06,0.016047
-58.1366,16.4285,-16.3096,-0.0034708,0.00211749,-0.00608224,-6.00666e-05,-1.90276e-05,-9.4158e-06,0.015989
-59.5014,17.0134,-16.9419,0.0109379,-0.00397669,-0.00570731,9.03534e-06,0.000103448,-7.02099e-06,0.0160084
-60.8588,17.3305,-17.258,0.00435594,-0.0155203,-0.00802697,0.000125143,2.85591e-05,6.69289e-06,0.0164387
-62.1877,17.4427,-17.4801,0.00896282,-0.0128591,-0.0031763,0.000125803,3.98455e-05,1.83059e-06,0.0146298
-63.2463,17.4392,-17.592,0.0185607,-0.0140276,0.013498,7.34045e-05,0.000159376,-4.96698e-06,0.0149382
-64.1349,17.4955,-17.6643,0.000472046,-0.003377,0.0113695,-2.19032e-05,1.5175e-06,1.78139e-05,0.0150309
-65.088,17.6989,-17.7308,0.0093427,0.00551298,0.0211719,-0.000169674,6.37501e-05,8.71614e-06,0.0149665
-66.1585,18.1088,-17.6962,0.00690561,0.0119694,0.0148689,-0.000155976,6.84595e-05,-9.83901e-06,0.0160035
-67.1177,18.5795,-17.6178,0.00267826,-0.00340649,-0.00129144,2.02567e-05,-3.90698e-06,3.7434e-06,0.0150155
-68.1503,18.9657,-17.4722,0.00207241,-0.0193781,-0.0166521,0.000199025,-2.1595e-05,6.90709e-06,0.0149631
-69.0648,19.0909,-17.2927,-0.00714263,-0.0259887,-0.0238581,0.000230375,-8.44606e-05,1.19349e-05,0.0160241
-69.8508,18.7772,-17.1448,-0.00191482,-0.0346819,-0.00914109,0.000303958,-5.4988e-05,3.38546e-05,0.0159582
-70.2653,18.3118,-17.1396,-0.00350857,-0.0188508,0.0407476,8.5782e-05,-9.21954e-05,1.23979e-06,0.0159932
-70.4464,18.2498,-17.4391,0.00394221,0.00110872,0.0472569,-8.95921e-05,-2.46864e-05,-1.76521e-06,0.0150126
-70.4227,18.7975,-18.0908,-0.0331586,-0.0868142,0.0471653,0.000725145,-0.000323045,1.28911e-05,0.0160297
-69.363,19.9809,-19.8208,-0.0441215,-0.0499413,0.0337739,0.000434069,-0.000384044,-4.81668e-09,0.0150098
-67.7927,21.4306,-22.0938,0.0211235,-0.000712374,-0.0030654,-7.00513e-05,0.000146202,1.2448e-05,0.015011
-66.0686,22.8742,-24.5562,0.00854624,-0.015844,-0.0598446,0.000157492,9.34399e-05,-3.55474e-05,0.0160005
-64.7386,23.4261,-26.1621,0.0184805,0.0371138,-0.0229777,-0.000315196,0.000170335,8.281e-06,0.0150001
-63.8128,23.5816,-27.0772,0.0195846,0.0417961,-0.0011961,-0.000345366,0.000121358,3.27479e-05,0.0150453
-63.2152,23.6235,-27.5181,0.0166164,0.0359468,0.0139593,-0.00029273,0.000144548,-1.24443e-05,0.0149479
-63.014,23.7204,-27.591,0.0202563,0.0341475,0.0226775,-0.000292251,0.000162812,1.27745e-06,0.0150127
-63.0706,24.0216,-27.3477,0.00519883,-0.00205671,0.020768,-1.61068e-05,2.86518e-05,-6.8793e-06,0.0149591
-63.1261,24.5197,-27.0105,0.00532818,-0.00465222,0.0268995,-3.95668e-05,4.89972e-05,-2.70298e-06,0.0150307
-63.2145,25.2735,-26.6131,-0.00432441,0.00547187,0.0285647,-9.2061e-05,-1.14277e-05,-2.01013e-05,0.0149432
-63.4209,26.2253,-26.1957,-0.0043699,0.00156468,0.0098587,-3.797e-05,-2.22083e-05,-1.98572e-05,0.016022
-63.7257,27.2879,-25.6985,0.00272392,-0.00874676,-0.014118,-1.00422e-05,5.49215e-05,-1.66758e-06,0.0160165
-64.1177,28.0269,-24.9485,0.00373359,-0.0357608,-0.0307477,0.00027978,5.41499e-05,-4.85232e-05,0.0159927
-64.4594,28.2816,-24.0919,-0.0072653,-0.0275549,-0.0292317,0.000167268,-4.94492e-05,-7.39055e-06,0.0160598
-64.8446,28.105,-22.9549,-0.00169593,-0.0192627,-0.0145839,5.71807e-05,1.30643e-07,-2.64616e-05,0.0149485
-65.2087,27.6803,-21.9485,-0.010869,-0.0152872,0.00473443,5.32765e-05,-6.70375e-05,-1.16194e-05,0.0149718
-65.5387,27.2925,-21.1,-0.00780883,-0.00169735,0.0201329,-3.14501e-05,-8.92208e-05,-1.01552e-05,0.0160015
-65.9203,27.0254,-20.3073,-0.0116363,-0.0181512,0.0250192,0.000148938,-0.000132418,1.16904e-05,0.0160701
-66.0791,26.9949,-19.8151,-0.00621498,-0.0164874,0.00474131,6.51694e-05,-5.89753e-05,-2.21398e-06,0.0149864
-66.1197,26.9949,-19.433,-0.00417622,-0.00744548,0.00122542,-9.67825e-06,-1.2813e-05,3.45011e-06,0.01496
-66.1225,26.9375,-19.1183,-0.00415774,-0.00739375,-0.00124463,1.83073e-05,-2.13982e-05,3.51824e-06,0.0150505
-66.1351,26.8515,-18.8364,-0.0028776,-0.0105287,-0.00121052,5.34893e-05,-2.88291e-05,1.27735e-05,0.0150077
-66.1297,26.6496,-18.5865,0.00699644,0.00286774,-0.00532041,-7.17029e-05,5.42183e-05,-1.49739e-05,0.0159695
-66.1652,26.3902,-18.3129,0.00712238,0.0056977,0.0124274,-2.32225e-05,-1.32267e-06,-5.32927e-06,0.014938
-66.2292,26.19,-17.9337,0.0072034,0.00434626,0.0173461,-9.35248e-05,5.18161e-05,3.66111e-06,0.0160497
-66.2827,26.0787,-17.4672,0.00082089,-0.00578459,0.0109325,5.27036e-05,3.51908e-05,7.11695e-06,0.0149591
-66.257,26.0534,-17.1449,-0.0069394,-0.016705,0.00609476,0.000173326,-4.07509e-05,1.61524e-05,0.0150352
-66.0823,26.0243,-17.0443,-0.00530546,-0.00920315,-0.00474463,0.000130748,-0.000112113,4.05425e-06,0.0160491
-65.8258,25.8772,-17.0429,-0.00487802,0.00807467,-0.0191404,-8.33936e-06,-6.95269e-05,6.52534e-06,0.0159598
-65.7362,25.4116,-16.997,-0.00632844,0.0137583,-0.00756363,-8.47529e-05,-0.00010991,7.52386e-06,0.0160334
-65.8447,24.8589,-17.0077,0.000804708,-0.00836643,0.0171961,0.000117783,-5.33827e-05,-2.22386e-06,0.0159782
-65.9326,24.5385,-17.0568,0.0117463,0.0096748,0.0162065,-8.26802e-05,6.64436e-05,8.84442e-06,0.0150038
-66.0244,24.3346,-17.0987,0.00704742,0.00563745,0.00761404,-7.75775e-05,3.21925e-05,9.17755e-06,0.015976
-66.187,24.2194,-17.0624,0.00388611,-0.00407887,0.0111447,-2.69818e-05,5.4615e-06,8.13047e-06,0.0150968
-66.2921,24.1907,-17.0798,0.00635662,-0.00662868,0.00557198,4.00752e-05,2.28671e-05,-1.65476e-05,0.014923
-66.4423,24.2488,-17.1728,-0.0126617,0.00222439,0.00332266,2.5921e-06,-0.000129791,5.67212e-06,0.0149817
-66.6269,24.2764,-17.4133,-0.0166674,0.00241597,-0.000178507,-6.35165e-05,-0.000224498,-1.18876e-05,0.015007
-66.8989,24.2444,-17.8592,-0.0087824,-0.0112957,-0.00475541,8.48183e-05,-0.000101588,3.92466e-06,0.0149897
-67.1407,24.0377,-18.3563,0.0130721,-0.00798454,-0.0143733,1.9235e-05,6.39337e-05,-6.56381e-06,0.0161535
-67.3283,23.6577,-18.6894,0.0278204,0.00707136,-0.000703296,-9.31003e-05,0.000159792,-1.33294e-06,0.0158311
-67.4814,23.2209,-18.7233,0.0291076,0.0105216,0.0095032,-0.000101308,0.000182459,1.76181e-05,0.0154176
-67.615,22.9022,-18.4322,0.0245405,0.00904262,0.0102482,-9.51593e-05,0.000178827,-1.63296e-05,0.0148461
-67.7591,22.7023,-17.9669,0.0246207,0.0105234,0.016832,-7.36961e-05,0.000160874,2.93898e-06,0.0149355
-67.9093,22.6533,-17.2287,0.0166428,0.00195158,0.0157117,-6.22471e-05,0.000111448,7.47105e-06,0.0157982
-68.0011,22.7536,-16.4862,0.00264052,0.00181745,0.0111937,1.60348e-05,-2.57527e-05,-5.59727e-06,0.0160258
-68.0465,22.9441,-15.7692,-0.0103647,0.000894951,0.00191446,9.90505e-07,-0.000122989,7.26648e-07,0.0159681
-68.1059,23.1626,-15.2347,-0.0101477,-0.00426315,0.000334636,3.15362e-05,-0.000102864,-4.95377e-06,0.015072
-68.1632,23.3491,-14.8623,-0.00320914,-0.00279978,-0.000803206,2.50402e-05,-6.51425e-05,1.41323e-05,0.0159521
-68.2212,23.4473,-14.541,0.00698167,0.00570534,0.00281257,-1.51965e-05,-2.05994e-05,9.73562e-06,0.0149796
-68.2959,23.544,-14.2961,0.00383352,0.00248776,0.00994424,-2.08897e-05,2.35762e-05,3.72606e-06,0.015086
-68.3288,23.6983,-14.0736,0.00522083,-0.00324148,0.016152,-2.39068e-06,2.44558e-05,1.72758e-05,0.0149934
-68.3143,23.9077,-13.9377,0.00502849,-0.00743861,0.0107926,-1.34087e-05,-1.22654e-05,-1.12873e-05,0.0150086
-68.1906,24.1998,-13.8946,0.00395262,-0.0026486,0.0125012,8.79187e-06,-4.22985e-06,1.29664e-05,0.0160223
-68.0034,24.6348,-13.9145,0.00731613,-0.00200109,0.00510131,-1.44563e-05,2.39127e-05,2.27692e-05,0.0162761
-67.722,25.0382,-13.9464,0.00732929,0.000628366,-0.000146783,2.98919e-05,3.06114e-05,3.6348e-06,0.015728
-67.4454,25.3834,-13.9705,0.00608855,-0.00149047,-0.00643571,-2.26887e-05,5.60623e-05,3.62821e-06,0.0149298
-67.17,25.6134,-13.9387,0.0118186,0.000521461,-0.00151293,-2.63911e-05,6.07872e-05,3.64142e-06,0.0160356
-66.8844,25.7586,-13.8172,0.00975865,-0.00722049,0.00474538,-1.24388e-05,4.71448e-05,1.71704e-05,0.0160423
-66.5442,25.8446,-13.6889,0.00157398,-0.00133651,0.00257886,6.66517e-05,-3.5052e-05,3.92856e-06,0.01615
-66.188,25.8983,-13.647,-0.00442907,0.00304235,0.00163135,2.65188e-05,-6.37011e-05,9.87184e-08,0.0158106
-65.8365,25.9489,-13.7084,-0.00137355,0.00870065,0.00314101,-5.65722e-05,-7.86645e-05,1.26531e-06,0.0150217
-65.5857,25.9989,-13.8561,-0.00218094,0.0070359,0.00691025,8.25946e-06,-6.26748e-05,1.48355e-05,0.0149558
-65.3307,26.0475,-14.0685,0.00603949,0.0077089,0.0111503,-1.71766e-05,2.45312e-05,-5.4659e-06,0.0159779
-65.0912,26.1837,-14.3077,0.00606127,0.0051482,0.0101561,-2.59882e-05,2.11755e-05,1.36973e-05,0.015088
-64.8333,26.3776,-14.5834,0.00741598,0.00201582,0.00989874,2.99758e-05,2.51881e-05,8.24438e-06,0.0149835
-64.5905,26.6593,-14.8863,0.00718557,0.00842193,0.00895156,-5.39318e-05,5.78809e-05,1.85674e-05,0.0149745
-64.3748,26.9429,-15.1376,0.00376097,0.0050219,0.00738511,-5.27765e-05,5.19729e-05,-9.42873e-07,0.0150209
-64.2249,27.1998,-15.3174,0.00260485,-0.000924696,-0.000316402,-5.54135e-06,1.24603e-05,-1.54099e-05,0.0159909
-64.0505,27.4267,-15.5451,-0.00204098,-0.00221519,0.000222278,-1.94525e-05,-1.93673e-05,8.98117e-06,0.0159854
-63.9425,27.5676,-15.7545,-0.00424467,-0.00353093,0.00257709,-2.02256e-05,-9.5967e-06,3.7885e-06,0.0149754
-63.86,27.6209,-16.0241,-0.00181638,-0.00735673,0.00367445,1.72e-05,-1.96425e-05,3.32835e-06,0.0160481
-63.734,27.7025,-16.3775,0.000303392,-0.000842766,0.00255401,1.53472e-05,-2.65427e-05,-6.89905e-07,0.0159986
-63.6022,27.6978,-16.7415,0.00375223,-0.00154044,0.00101524,3.75239e-06,-2.57506e-06,-1.05452e-05,0.016006
-63.4974,27.6947,-17.0529,0.00710591,0.00706336,0.002545,2.31888e-07,1.41877e-05,-2.991e-07,0.0149268
-63.4085,27.6636,-17.3329,0.0072053,0.00314117,0.00237955,-3.02975e-06,2.70593e-05,-8.22061e-07,0.0160344
-63.3331,27.6332,-17.5865,0.00507005,-0.00208912,0.00338326,6.745e-06,3.3611e-05,-6.35312e-06,0.0150094
-63.2433,27.5746,-17.7596,0.00961888,0.00189784,0.00605991,-2.53524e-05,6.12234e-05,8.24461e-06,0.0159705
-63.1696,27.5453,-17.8479,0.00382626,-0.00416189,0.00470015,-1.95536e-05,1.0161e-05,-6.17272e-06,0.0150109
-63.0603,27.5161,-17.951,-0.00283421,-0.00796069,0.00485308,6.97201e-06,1.48975e-05,7.63144e-06,0.0149974
-62.9951,27.4871,-18.0769,0.000429101,-0.00207431,0.00756481,7.12069e-06,-1.0975e-05,8.46522e-06,0.0150175
-62.9052,27.4872,-18.1967,3.6567e-05,0.00670824,0.00619209,-0.000102967,2.28682e-05,-1.45762e-05,0.0151744
-62.829,27.4874,-18.2902,-0.00114065,0.00875254,0.00655096,-9.04947e-05,4.72856e-06,2.22775e-07,0.0154262
-62.8101,27.5453,-18.3268,-0.0019407,-0.000897759,0.00872782,-2.61615e-05,-4.38181e-06,-1.04041e-06,0.0156723
-62.8266,27.6032,-18.3485,0.00230739,0.00544496,0.00100497,-1.48902e-05,-3.17014e-05,-3.3499e-05,0.015964
-62.8541,27.69,-18.3492,0.00143111,-0.000308794,0.00609167,-5.03549e-05,1.57815e-05,-5.79011e-06,0.0150683
-62.8897,27.8346,-18.3341,0.000573527,0.000616939,0.0123643,9.38787e-06,2.72425e-05,3.19517e-06,0.0160158
-62.9225,28.0081,-18.3245,0.00392539,0.00124148,0.0110725,1.24025e-05,1.48586e-05,-1.32627e-06,0.0149427
-62.9661,28.2105,-18.2942,0.00613031,-0.00140127,0.00758407,-2.45261e-05,1.4986e-05,1.80629e-05,0.0161614
-63.034,28.4418,-18.217,0.00840714,-0.000193222,0.00336747,-3.04585e-05,4.95927e-05,-6.13799e-06,0.0159026
-63.1205,28.6734,-18.0502,0.00857689,-0.00267355,0.00205804,9.34491e-06,5.67103e-05,-1.81325e-06,0.0159078
-63.2228,28.8481,-17.7452,0.00618844,-4.00362e-05,0.00744337,1.12287e-05,1.36653e-05,8.38633e-06,0.0149899
-63.3248,29.0236,-17.4403,0.00403313,-0.0105495,0.000852422,4.46067e-05,-2.02466e-06,-1.99791e-06,0.0150048
-63.3908,29.1996,-17.1503,-0.000612886,-0.0066457,0.00356294,4.1818e-05,-1.54881e-05,-1.59264e-06,0.0160589
-63.4786,29.3764,-16.8718,-0.00291802,-0.0080843,0.00718206,-7.7385e-06,-2.05323e-07,-6.65862e-06,0.0149545
-63.5341,29.5522,-16.7099,-0.0030565,-0.00692275,0.008371,-4.18241e-05,-7.08044e-06,-1.59608e-05,0.0149908
-63.5981,29.7279,-16.5859,-0.000852783,-0.00423145,0.00239466,-1.85266e-05,-1.76891e-05,-5.77625e-06,0.0150201
-63.6485,29.9032,-16.4883,0.000260868,-0.00223945,0.00245717,-6.76803e-06,-2.53258e-05,-5.53752e-06,0.0149926
-63.6853,30.0782,-16.4172,0.00592257,-0.0016278,-0.000207399,-2.46245e-05,-7.07806e-06,-1.02665e-05,0.0150131
-63.7143,30.195,-16.3611,0.0071256,-0.00360393,0.00199593,-3.00534e-06,-1.7924e-05,-2.49689e-05,0.016033
-63.7179,30.3407,-16.2993,0.00498354,-0.0047947,0.00206434,1.77084e-05,-5.0863e-06,-1.57528e-05,0.0159617
-63.6886,30.4571,-16.2466,0.00392808,-0.0066737,0.00221585,2.01429e-05,1.67795e-06,-1.59589e-06,0.0150403
-63.6263,30.5441,-16.2031,0.00168857,-0.00672751,0.000692757,2.0929e-05,2.35156e-05,-1.63122e-05,0.0149073
-63.5564,30.5729,-16.1743,-0.000776848,-0.00693889,0.000615082,-1.38845e-05,3.20357e-06,-3.03605e-05,0.0150111
-63.5088,30.6017,-16.1571,-0.001926,-0.00754852,0.00344126,-3.16009e-05,-5.76194e-06,-1.10583e-05,0.0150516
-63.473,30.6012,-16.1719,0.000413465,-0.000855198,0.0123754,-2.70092e-05,5.36043e-06,-1.28482e-06,0.0149757
-63.446,30.6001,-16.2244,0.00389898,-0.0027622,0.0111799,-4.62493e-05,2.92911e-05,1.28688e-05,0.0149929
-63.3908,30.6567,-16.277,0.00364085,-0.0029576,0.00493973,-5.34706e-05,-1.26936e-05,-7.64911e-07,0.0154847
-63.3802,30.7132,-16.3525,0.00709692,0.00305918,0.00371705,-2.43466e-05,8.00854e-06,-5.21187e-07,0.0158521
-63.3472,30.7699,-16.4165,0.0060945,-0.0001397,0.0037063,-2.29698e-05,2.70514e-05,8.5405e-06,0.0150526
-63.3472,30.7699,-16.4165,0.00480646,-0.00233094,-0.0016587,-2.82019e-05,8.19793e-06,-2.01065e-05,0.014988
-63.383,30.7704,-16.4017,0.00160065,-0.00416516,0.00840413,-3.30781e-05,2.37375e-05,-6.4551e-06,0.0149982
-63.4083,30.7415,-16.4074,0.00264746,-0.000783252,0.0101686,-1.34682e-05,-1.65866e-05,1.35113e-05,0.0150311
-63.4499,30.7704,-16.4361,0.00369253,-0.00156734,0.0062656,-3.83889e-05,-9.86205e-06,4.01641e-06,0.0150036
-63.5167,30.7704,-16.4705,0.00605837,-0.00287629,0.000836174,-4.88214e-06,8.27503e-06,-1.5557e-05,0.0146054
-63.5642,30.7415,-16.4877,0.00485488,-0.00358732,0.000947581,-2.95008e-05,4.12031e-06,-1.0636e-05,0.0151798
-63.5865,30.7415,-16.4992,0.00832672,-0.00555175,0.00455844,-4.291e-05,8.03272e-06,-1.09157e-05,0.0160303
-63.6088,30.7415,-16.5107,0.000362479,-0.00362503,-0.000558839,-2.11353e-05,2.73848e-05,-2.54367e-05,0.0158274
-63.6117,30.7127,-16.505,0.00380227,-0.00419548,0.00343996,-3.32114e-05,1.86358e-05,-6.16103e-06,0.0149944
-63.6177,30.6551,-16.4934,0.00393234,-0.00135922,0.0100475,-1.70999e-05,2.4025e-05,1.77823e-05,0.0159968
-63.6401,30.5692,-16.45,0.00718722,-0.00485501,0.00333083,-4.04573e-06,-1.40171e-05,-1.55512e-05,0.0151778
-63.6431,30.5404,-16.4442,0.000374487,-0.00486263,0.0071644,-2.77652e-06,-2.11672e-05,-1.57004e-05,0.014866
-63.6325,30.5111,-16.4647,0.00064439,-0.00339604,0.00694141,-2.56867e-07,6.08956e-05,-1.18159e-05,0.0149424
-63.6219,30.4818,-16.4852,0.00503039,-0.00477454,0.00467522,-2.35509e-05,2.71862e-05,-1.59902e-06,0.0160668
-63.595,30.3948,-16.4828,0.000356805,-0.00617348,0.00479283,-1.73241e-05,-1.63959e-05,-6.0731e-06,0.0159644
-63.5873,30.3367,-16.4977,0.000336524,-0.00488411,0.00233912,-4.32171e-05,1.18611e-05,-1.25719e-06,0.0149987
-63.5826,30.2497,-16.5069,0.00609085,-0.000151424,0.00620694,-3.02633e-05,2.31137e-05,8.52698e-06,0.0150722
-63.5807,30.1339,-16.5104,0.00367227,0.0037902,0.00651546,9.051e-07,-2.44347e-05,9.32291e-06,0.0149224
