-25.3318,21.664,5.57018,-0.165148,0.267169,-0.0172877,0.000109433,0.00020509,-0.00033877,0
-25.3539,21.7138,5.57174,-0.170848,0.262586,-0.0156705,7.57633e-05,0.000174063,-0.000319737,568963
-25.3774,21.789,5.59962,-0.16169,0.262614,-0.018885,0.000108146,0.000217681,-0.000348775,0.0159162
-25.4011,21.8892,5.62885,-0.159783,0.268952,-0.0258154,6.59556e-05,0.000204801,-0.000337945,0.0159959
-25.4012,21.9391,5.63159,-0.158444,0.265884,-0.0234097,9.38306e-05,0.000216852,-0.000329126,0.0159341
-25.3999,21.9387,5.60666,-0.1663,0.263936,-0.0245396,0.00011124,0.000201352,-0.000329247,0.0159448
-25.3984,21.9134,5.58035,-0.167665,0.269594,-0.0232328,9.18204e-05,0.000176474,-0.000342602,0.0159697
-25.3749,21.8631,5.55387,-0.163943,0.265333,-0.0159117,0.000117833,0.000201992,-0.000324733,0.0159749
-25.3529,21.8382,5.5537,-0.169904,0.2657,-0.0219878,0.000102148,0.000147555,-0.000342733,0.0159896
-25.3088,21.7883,5.55335,-0.161831,0.263938,-0.0233298,0.000109761,0.000190173,-0.000329093,0.0159307
-25.266,21.7138,5.57655,-0.164206,0.266366,-0.0222561,9.14267e-05,0.00018446,-0.000347774,0.0149755
-25.2452,21.6394,5.59853,-0.164025,0.266511,-0.0222233,9.24195e-05,0.000230618,-0.000334104,0.0149126
-25.2023,21.54,5.62031,-0.164107,0.267792,-0.0170874,8.5758e-05,0.000198858,-0.000328986,0.0159659
-25.1374,21.4407,5.64325,-0.160606,0.263298,-0.0236301,0.00011259,0.000218742,-0.000339029,0.0150072
-25.0932,21.3409,5.64004,-0.162933,0.26456,-0.0197205,9.99306e-05,0.000196752,-0.000333982,0.0159331
-25.027,21.2412,5.63798,-0.162784,0.268663,-0.0133292,0.000137371,0.000201248,-0.000319845,0.0149464
-25.0048,21.1663,5.63494,-0.165005,0.263406,-0.0159848,0.000119961,0.000209046,-0.000325032,0.0149498
-25.0045,21.0666,5.62928,-0.160628,0.265898,-0.0223844,0.000128239,0.000209799,-0.00034355,0.0159718
-25.0029,20.9914,5.60008,-0.162961,0.263222,-0.0197856,9.8526e-05,0.000185598,-0.00033871,0.015946
-25.0218,20.8659,5.54189,-0.158203,0.264733,-0.0236997,0.000134337,0.000250795,-0.000334642,0.0160157
-25.0407,20.7405,5.48367,-0.157317,0.266514,-0.0247513,9.09141e-05,0.000229793,-0.000333906,0.0159647
-25.0788,20.6143,5.37434,-0.161819,0.269142,-0.0221766,0.000127946,0.000203916,-0.000338424,0.0159445
-25.0934,20.4379,5.23833,-0.165089,0.264607,-0.0185447,0.000107513,0.000213549,-0.000334312,0.0159675
-25.0669,20.2623,5.15451,-0.168468,0.265329,-0.0157836,0.000132426,0.000181543,-0.0003246,0.0158977
-25.0199,20.1369,5.09969,-0.173182,0.262522,-0.0132425,0.000102511,0.000124465,-0.00033363,0.0159806
-24.999,20.0375,5.11993,-0.168569,0.263988,-0.0155612,0.000110518,0.000159096,-0.000314817,0.0159471
-24.9831,19.8399,5.23398,-0.182855,0.26609,-0.0382884,0.000109573,2.78968e-05,-0.000331128,0.0150104
-24.9966,19.4201,5.48287,-0.14804,0.266619,-0.0141396,5.41866e-05,0.000304721,-0.000335013,0.0149211
-24.9412,18.9499,5.68199,-0.144655,0.276489,-0.0138311,6.61017e-05,0.000339813,-0.000320292,0.0149315
-24.8987,18.5768,5.71108,-0.146841,0.265986,-0.016703,3.03385e-05,0.000349635,-0.000330659,0.014969
-24.8704,18.2761,5.59376,-0.168551,0.265277,-0.0282467,0.000167767,0.000178081,-0.0003385,0.0160117
-24.8222,17.8266,5.51776,-0.169746,0.263333,-0.0242274,0.000155314,0.000138327,-0.000324016,0.014919
-24.7976,17.4523,5.46993,-0.168432,0.26278,-0.0183739,0.000184687,0.000149802,-0.000334117,0.015959
-24.8207,17.0045,5.48934,-0.170799,0.265276,-0.0158228,0.00016637,0.000135831,-0.00033848,0.0159814
-24.9564,16.6073,5.5556,-0.20549,0.280289,-0.050263,5.4186e-05,-0.000179347,-0.000336004,0.0159206
-25.0665,16.0414,5.96117,-0.164011,0.270437,-0.00980138,9.41683e-05,0.000208926,-0.000333964,0.0159735
-25.2024,15.3777,6.4327,-0.130409,0.248329,0.0171452,0.000258865,0.000484985,-0.000341356,0.0149506
-25.4325,15.1322,6.60281,-0.180167,0.266467,-0.0173845,0.000168841,2.9353e-05,-0.000318003,0.0149674
-25.5708,14.985,6.70975,-0.157581,0.279288,-0.0219772,-6.93329e-06,0.000284022,-0.000328211,0.0159595
-25.6441,14.7138,6.83637,-0.158146,0.266069,-0.0139397,0.000161247,0.000221591,-0.00034419,0.0159432
-25.715,14.5413,6.92006,-0.164887,0.259622,-0.0172996,0.000164511,0.000193035,-0.000325375,0.0149882
-25.7846,14.3683,6.97874,-0.16781,0.272159,-0.015307,3.84507e-05,0.000153043,-0.000318312,0.0149148
-25.8308,14.2198,7.01542,-0.165419,0.272272,-0.0191632,6.62442e-05,0.000185708,-0.000318694,0.0160359
-25.855,14.0713,7.05328,-0.165364,0.269637,-0.0195923,9.76672e-05,0.00017421,-0.000342725,0.0159121
-25.8338,13.9224,7.06861,-0.1641,0.266595,-0.0230461,0.00012637,0.000178747,-0.000319304,0.0159725
-25.789,13.748,7.05837,-0.167393,0.268554,-0.0156756,0.000111286,0.000198001,-0.000319626,0.0160189
-25.7221,13.5487,7.04744,-0.165096,0.266005,-0.0220454,0.000156835,0.000188491,-0.000329216,0.0159847
-25.6994,13.3992,7.03766,-0.167208,0.263581,-0.016856,0.000182164,0.000169496,-0.000310558,0.0158416
-25.7207,13.2,7.0217,-0.166396,0.267777,-0.0182301,9.31293e-05,0.00018488,-0.000328824,0.015943
-25.7198,13.0007,7.00686,-0.174174,0.267306,0.000785838,0.000136313,9.96451e-05,-0.000309842,0.0149461
-25.7431,12.9514,7.02686,-0.183278,0.261872,-0.000821633,0.000139814,5.80128e-05,-0.000343161,0.0149768
-25.7686,13.1267,7.0885,-0.18192,0.260149,0.000436607,0.000176032,7.72242e-05,-0.000329549,0.0149587
-25.8652,13.5028,7.23591,-0.167218,0.264756,-0.0135566,0.000168887,0.000181517,-0.000334441,0.0149941
-26.0269,13.9283,7.35797,-0.153687,0.263512,-0.0246903,0.00010541,0.000267693,-0.000310959,0.0159576
-26.2076,14.303,7.4249,-0.154714,0.260218,-0.0426385,0.000156315,0.000314818,-0.000344725,0.0159221
-26.5598,14.4769,7.39242,-0.157803,0.256005,-0.0272615,0.000162583,0.00029797,-0.000298069,0.0159503
-26.9084,14.5003,7.2991,-0.159187,0.260329,-0.0261817,0.000182314,0.000237604,-0.00033031,0.0159794
-27.2537,14.448,7.15032,-0.168538,0.269288,-0.0104337,0.000141942,0.000148341,-0.000309791,0.0159411
-27.5989,14.4455,7.00485,-0.177964,0.272767,-0.00804468,0.00013147,5.82949e-05,-0.000351215,0.0159678
-27.9917,14.5935,6.91697,-0.184699,0.262357,-0.00673065,0.000136906,-5.83706e-07,-0.000346857,0.0159615
-28.3911,14.893,6.93897,-0.176426,0.255512,-0.00324992,0.000139869,5.8211e-05,-0.000324583,0.0159362
-28.9062,15.3933,7.04223,-0.174073,0.256866,-0.0183636,0.00017037,0.000126795,-0.000334374,0.0160115
-29.4911,15.9694,7.19512,-0.16265,0.26102,-0.0256306,0.000173506,0.000210544,-0.000306129,0.0159235
-30.0757,16.3712,7.33487,-0.155983,0.264816,-0.0381221,0.000116017,0.000297135,-0.000305992,0.0159683
-30.836,16.5238,7.44525,-0.151632,0.264537,-0.0412788,9.37104e-05,0.000299816,-0.000348546,0.0159301
-31.4327,16.4246,7.42359,-0.156311,0.267087,-0.029666,8.80401e-05,0.00021984,-0.000338244,0.0159821
-32.0491,16.1754,7.36461,-0.168807,0.265042,-0.0192877,5.00913e-05,0.000161529,-0.000323778,0.0149643
-32.5993,15.9511,7.31103,-0.173365,0.268886,-0.0143505,7.40175e-05,0.000131905,-0.000337667,0.0159475
-33.1039,15.8011,7.24004,-0.176693,0.269696,-0.00644401,9.85419e-05,9.1265e-05,-0.00031378,0.0149748
-33.6346,15.7518,7.22352,-0.174374,0.263189,-0.0104865,0.000106218,9.15274e-05,-0.000323772,0.0149806
-34.0808,15.7284,7.26439,-0.168753,0.266363,-0.0220862,0.000112705,0.000152135,-0.000347524,0.0159469
-34.6173,15.7056,7.32316,-0.158446,0.268501,-0.0269781,7.663e-05,0.000251889,-0.000319581,0.0159398
-35.0833,15.5572,7.32793,-0.152786,0.266507,-0.0310981,7.05507e-05,0.000278251,-0.000334117,0.0159241
-35.543,15.2825,7.24885,-0.157338,0.271817,-0.0292766,0.000103514,0.000247521,-0.000314486,0.0149861
-35.9102,14.9571,7.12267,-0.165463,0.27358,-0.019165,0.000107843,0.000149261,-0.000327825,0.0149588
-36.2752,14.6061,6.96932,-0.170985,0.267746,-0.0118301,0.000106448,0.000125028,-0.000328431,0.0159668
-36.6624,14.33,6.81902,-0.173181,0.263924,-0.010404,0.000110362,0.000107605,-0.000314414,0.0159557
-37.03,14.179,6.70388,-0.169727,0.260657,-0.0181437,9.09798e-05,0.000159841,-0.000319705,0.0159848
-37.4215,14.0285,6.6115,-0.162958,0.264665,-0.0255609,0.000134902,0.000176401,-0.000319389,0.0159331
-37.8808,13.8536,6.53644,-0.166131,0.261586,-0.022907,0.00013013,0.00020421,-0.000296397,0.0149372
-38.3373,13.5786,6.42869,-0.158203,0.264859,-0.0269222,0.000135286,0.000250409,-0.000305968,0.0159426
-38.8367,13.1541,6.30557,-0.155162,0.269073,-0.0346221,0.000100662,0.000243827,-0.000338217,0.0150164
-39.3068,12.6286,6.10125,-0.16191,0.270565,-0.0163493,9.4643e-05,0.00017198,-0.000290382,0.0159337
-39.7761,12.0284,5.89013,-0.176883,0.270857,-0.0162986,9.35884e-05,8.46399e-05,-0.000322657,0.0159295
-40.1855,11.4546,5.76006,-0.18039,0.268899,-0.0133804,9.51907e-05,1.90313e-05,-0.000307891,0.0159849
-40.5797,10.9322,5.70941,-0.173474,0.274153,-0.0100946,8.48309e-05,9.44696e-05,-0.000317883,0.015947
-40.895,10.4616,5.76909,-0.173217,0.275485,-0.0874263,-3.05556e-05,0.000215901,-0.000315514,0.0159582
-41.1558,10.0434,5.96234,-0.114869,0.273932,-0.314124,-5.09823e-05,0.00131759,-0.000334216,0.0149664
-41.3774,9.65123,6.21076,-0.124242,0.246538,-0.732155,0.000560516,0.000415894,-0.000311167,0.0149202
-41.4353,9.43089,6.36255,-0.242275,0.28435,-1.49858,-0.000113932,-0.00262425,-0.00031442,0.0150157
-41.3076,9.40707,6.42203,-0.27085,0.518534,-1.95786,-0.00543403,-0.00340576,-0.000376567,0.0149419
-41.2016,9.35836,6.47746,-0.263927,0.680045,-2.54234,-0.00905793,-0.00367016,-0.00047042,0.0159594
-41.0693,9.33347,6.48712,-0.175849,0.879028,-3.24103,-0.0132711,-0.00210023,-0.000723247,0.0149883
-40.9613,9.30912,6.51968,-0.0744069,1.03168,-3.84748,-0.0165617,-0.000345107,-0.000744415,0.0149771
-40.851,9.28423,6.52733,0.0344121,1.07451,-4.40756,-0.0176223,0.00171992,-0.000908339,0.0159383
-40.8949,9.25933,6.52139,0.066288,0.924481,-4.83627,-0.0139231,0.00216335,-0.000873594,0.014952
-40.9607,9.23444,6.5135,0.0912039,0.744605,-5.04879,-0.00973859,0.00255253,-0.000871711,0.0159362
-41.0268,9.23444,6.50766,0.11902,0.604765,-5.27212,-0.00644408,0.00308403,-0.000786428,0.0159794
-41.0268,9.23444,6.50766,0.171576,0.699069,-5.73741,-0.00838125,0.00400943,-0.00059739,0.0149266
-40.9826,9.20955,6.50949,0.242959,0.839865,-6.29008,-0.0114839,0.00512523,-0.000614911,0.0150092
-40.9165,9.20955,6.51532,0.246165,1.01654,-6.90949,-0.0152884,0.00473417,-0.000589135,0.0159437
-40.8505,9.20955,6.52115,0.168808,1.23658,-7.50187,-0.0200768,0.00250483,-0.000669636,0.0159126
-40.8065,9.20955,6.52502,0.24037,1.31058,-7.87854,-0.0217846,0.00390638,-0.000812079,0.016036
-40.7624,9.20955,6.52889,0.207974,1.55957,-8.09419,-0.0272659,0.00295406,-0.000779958,0.0158791
-40.6502,9.20901,6.51368,0.275983,1.8428,-8.19086,-0.0337141,0.00437137,-0.00103565,0.0160037
-40.5842,9.20901,6.51946,0.364161,2.06783,-8.28392,-0.0388454,0.0063031,-0.00120143,0.0149601
-40.4939,9.20847,6.50228,0.457127,2.15857,-8.28117,-0.0404108,0.00834843,-0.00148104,0.0159389
-40.3595,9.18304,6.48686,0.618494,2.12062,-8.24465,-0.0392058,0.0119816,-0.00124853,0.0159355
-40.1791,9.18197,6.45239,0.688056,2.14532,-8.32265,-0.0396347,0.0133787,-0.00136748,0.0160028
-39.9327,9.18091,6.42355,0.808028,2.1888,-8.32372,-0.0402248,0.0159207,-0.00136346,0.0149284
-39.6182,9.17932,6.37534,0.880712,2.28018,-8.38013,-0.0413111,0.0176534,-0.0013445,0.0149888
-39.3038,9.17775,6.32692,0.854586,2.37048,-8.50498,-0.0421473,0.0168315,-0.00123949,0.0159229
-38.9697,9.2016,6.30708,0.824298,2.48355,-8.47212,-0.043242,0.0162336,-0.00122121,0.0159437
-38.6555,9.20004,6.25822,0.848315,2.4451,-8.31158,-0.0416444,0.0171297,-0.0010235,0.0150076
-38.2732,9.19799,6.18972,0.932392,2.43825,-8.21529,-0.0412116,0.0191931,-0.000890181,0.0149445
-37.8473,9.22085,6.12655,0.97447,2.37668,-8.16518,-0.0404834,0.0202418,-0.000991523,0.0159526
-37.2854,9.21785,6.02179,1.00468,2.40794,-8.24873,-0.0409165,0.0203727,-0.00104112,0.0159984
-36.6121,9.2393,5.90221,1.06109,2.31075,-8.28583,-0.0396366,0.0212616,-0.000938581,0.0159559
-35.8033,9.23497,5.74001,1.11845,2.29263,-8.32108,-0.0403055,0.0231816,-0.00103585,0.0159548
-34.8378,9.25472,5.54026,1.09781,2.24003,-8.23863,-0.0395958,0.0238174,-0.000880844,0.0159369
-33.5313,9.27156,5.18814,1.1493,2.22908,-8.18497,-0.0412243,0.0240805,-0.00141545,0.0149253
-32.1849,9.28925,4.86029,1.08741,2.54826,-8.362,-0.0436088,0.024018,-0.000679447,0.014958
-30.8153,9.30655,4.48015,1.06464,2.28383,-8.31397,-0.0397764,0.0238911,-0.000712178,0.0161062
-29.0008,9.32222,3.97414,0.962758,2.10871,-8.24156,-0.0388144,0.0224362,-0.00069566,0.0158319
-27.1514,9.33969,3.53837,0.862204,2.25446,-8.24463,-0.0392649,0.0201091,-0.000587784,0.0150103
-25.4382,9.33324,3.11085,0.925061,2.12059,-8.32781,-0.0383284,0.0207461,-0.00102846,0.0149005
-23.6862,9.32764,2.70414,0.793487,2.00915,-8.40288,-0.0366767,0.0192647,-0.000608746,0.0159584
-21.6044,9.32141,2.18154,0.63877,2.00283,-8.40853,-0.0374698,0.0183077,-0.000356271,0.0159256
-19.4615,9.34074,1.62939,0.547404,2.22228,-8.53411,-0.0372652,0.0173316,0.000389308,0.0160194
-17.3894,9.33609,1.06273,0.588631,2.0316,-8.54746,-0.0367157,0.0176265,8.92278e-05,0.0159898
-15.26,9.35764,0.565842,0.509152,2.25422,-8.56175,-0.0384991,0.0151398,0.000100461,0.0158604
-13.2883,9.35512,0.0775896,0.39886,2.08297,-8.65456,-0.038579,0.0140373,3.95488e-05,0.0159791
-11.3438,9.32851,-0.371803,0.208264,2.01162,-8.54855,-0.0381014,0.0119231,0.000507687,0.0159608
-9.36059,9.32738,-0.801537,0.130732,2.23006,-8.67033,-0.0385072,0.009917,0.000423625,0.0149483
-7.70808,9.32686,-1.12037,0.153667,2.09497,-8.598,-0.0375203,0.0100215,0.000229903,0.015955
-5.99277,9.32661,-1.46931,0.0936755,2.12311,-8.50177,-0.0380913,0.00954255,0.000185045,0.0159737
-4.36688,9.32664,-1.80053,0.173796,2.07229,-8.57386,-0.0372607,0.00998435,3.58182e-05,0.0149797
-2.82983,9.30206,-2.14014,0.167723,2.26406,-8.66014,-0.0400254,0.0115166,0.000571094,0.0149683
-1.25194,9.30263,-2.48275,0.143389,2.20154,-8.81017,-0.0386907,0.0104094,0.000649567,0.0159693
0.582322,9.30354,-2.85606,0.0142317,2.40377,-8.92828,-0.0432607,0.00996711,0.000926671,0.0149288
2.37019,9.30495,-3.28649,-0.0126339,2.33389,-8.98805,-0.0423681,0.0100376,0.00111125,0.0149749
4.45528,9.25732,-3.80586,0.00223166,2.10866,-8.94105,-0.0428214,0.0110052,0.000668521,0.0159557
6.45109,9.23454,-4.23161,-0.0877925,2.36024,-8.85187,-0.0427317,0.00657979,0.000850313,0.0159897
8.31525,9.21179,-4.6138,-0.150785,2.32506,-8.74792,-0.0427221,0.00457522,0.000435428,0.015927
10.008,9.21313,-4.84793,-0.35702,2.32055,-8.47609,-0.0414846,-0.000170124,0.000519696,0.0159395
11.1859,9.21402,-5.00045,-0.34822,2.02291,-8.18129,-0.0373313,-0.000803047,0.000212507,0.0148981
12.2349,9.18985,-5.12962,-0.260454,2.03531,-8.16562,-0.0390845,9.91956e-05,-2.60049e-05,0.0150211
13.0053,9.19042,-5.22609,-0.220838,2.14405,-8.26506,-0.0395133,0.0013644,7.94404e-05,0.0159681
13.7317,9.19119,-5.34753,-0.0696392,2.16624,-8.25421,-0.0385029,0.00490903,0.000240105,0.0159644
14.3497,9.16729,-5.49375,0.094671,2.02793,-8.06415,-0.0355833,0.00898115,0.000279844,0.0159287
14.9039,9.16811,-5.61166,-0.117007,1.89896,-7.62116,-0.033673,0.00420488,0.000218037,0.0159532
15.1826,9.193,-5.61887,-0.381524,1.75356,-7.11065,-0.0308035,-0.00164745,0.000103091,0.0159465
15.2684,9.193,-5.62177,-0.313355,1.60336,-6.72431,-0.0275285,-0.000368555,7.68115e-05,0.016005
15.2032,9.19321,-5.64456,-0.0929857,1.34444,-6.40115,-0.0220618,0.00448336,-7.14588e-05,0.0149569
15.1388,9.16832,-5.64446,0.00313702,1.13399,-6.081,-0.0174563,0.00660144,-0.000318441,0.0149786
15.0745,9.16832,-5.64231,-0.0579807,0.966636,-5.56946,-0.013866,0.00489748,-0.000491559,0.0159148
15.0317,9.16832,-5.64088,-0.0818679,0.908392,-4.72173,-0.0128074,0.00390048,-0.000415885,0.0159737
15.0317,9.19321,-5.63882,-0.0634024,0.899502,-3.94789,-0.0129637,0.00392484,-0.000243593,0.0160329
15.0111,9.193,-5.61314,-0.160795,0.792127,-3.31262,-0.0106288,0.00137574,-0.000355746,0.0148775
14.9468,9.193,-5.61101,-0.251484,0.594453,-2.67758,-0.00637899,-0.000928566,-0.000452126,0.0159455
14.7968,9.21789,-5.604,-0.227005,0.285111,-1.91765,0.000559754,-0.000791648,-0.000490919,0.0159735
14.6477,9.24258,-5.57208,-0.160815,0.0729547,-1.26701,0.00493127,0.000323354,-0.000371548,0.0159766
14.4763,9.29236,-5.56243,-0.123935,0.118384,-0.853132,0.00364441,0.00104473,-0.000362567,0.0159382
14.2826,9.31746,-5.57919,-0.138187,0.165119,-0.602606,0.0026587,0.000636417,-0.000315078,0.0159581
14.0684,9.39214,-5.56629,-0.14319,0.189682,-0.357079,0.00179469,0.000455856,-0.000320621,0.0159818
13.7258,9.5415,-5.54344,-0.149329,0.212479,-0.177055,0.00111914,0.0003451,-0.000339835,0.0149602
13.2552,9.71555,-5.49009,-0.154485,0.231107,-0.0839982,0.000707039,0.000255374,-0.000338529,0.0149566
12.6783,9.98898,-5.40122,-0.142469,0.255744,-0.0389312,0.000362312,0.000409132,-0.000366547,0.0159444
11.9721,10.412,-5.32276,-0.145437,0.265508,-0.00982173,0.000120787,0.000339812,-0.00035511,0.0159536
11.2861,10.96,-5.28642,-0.144088,0.261128,-0.00611823,0.000113492,0.000368555,-0.000336991,0.0159415
10.4706,11.7326,-5.28131,-0.142955,0.264455,-0.0109254,0.000140886,0.000379947,-0.000332001,0.0159623
9.58928,12.6055,-5.345,-0.14309,0.264272,-0.0134189,6.60652e-05,0.000409986,-0.000331904,0.0159706
8.66402,13.5789,-5.47884,-0.145465,0.272082,-0.00812382,9.97329e-05,0.000365396,-0.000330991,0.0149612
7.80368,14.6025,-5.61421,-0.142256,0.272544,-0.0170295,7.6146e-05,0.000378532,-0.000349606,0.0149478
6.81436,15.8513,-5.81109,-0.146757,0.268741,-0.0165122,7.39755e-05,0.000347233,-0.000321095,0.0159534
6.10573,16.7752,-5.91371,-0.153485,0.262237,-0.0227659,0.000118034,0.000310483,-0.00033081,0.0149421
5.26899,17.799,-6.01139,-0.151259,0.262107,-0.0220266,0.000116802,0.000313343,-0.000359387,0.0159301
4.36933,18.8219,-6.01239,-0.147741,0.261687,-0.016711,0.000118996,0.00031924,-0.000326414,0.0150116
3.36262,19.8948,-6.01369,-0.151115,0.261052,-0.0179706,0.000163411,0.000287743,-0.000335798,0.0159274
2.27075,20.9418,-5.92083,-0.148775,0.258437,-0.0195621,0.000154102,0.000318442,-0.000345822,0.0159501
1.07143,21.9635,-5.78418,-0.153402,0.258397,-0.0192972,0.00017502,0.00026285,-0.000345274,0.0159703
-0.214406,22.9589,-5.52946,-0.154631,0.260263,-0.0202771,0.000112608,0.000290381,-0.000330823,0.0159582
-1.58783,23.9287,-5.18224,-0.142211,0.266102,-0.0307984,0.000140134,0.000360123,-0.000359275,0.0149512
-2.89903,24.7238,-4.82438,-0.150738,0.278048,-0.0286024,4.55695e-05,0.00029414,-0.000347417,0.0149704
-4.08352,25.3444,-4.4538,-0.151271,0.260986,-0.0287714,0.000130755,0.000301317,-0.000321096,0.0160546
-5.44319,25.9146,-3.99162,-0.15051,0.269123,-0.0373958,8.02546e-05,0.000315182,-0.000338868,0.0159674
-6.74092,26.2857,-3.54229,-0.152464,0.261544,-0.0275647,0.000107345,0.000300867,-0.000325727,0.0158843
-8.23743,26.5567,-2.98005,-0.147438,0.256692,-0.0220141,0.000184042,0.000349901,-0.000332184,0.0149384
-9.62862,26.7538,-2.47388,-0.148839,0.261005,-0.0206099,0.000122662,0.000338199,-0.000336109,0.0160032
-11.1537,26.8516,-1.92966,-0.147918,0.261496,-0.0242472,9.20742e-05,0.000321325,-0.000340268,0.015993
-12.79,26.9252,-1.41967,-0.148812,0.25723,-0.0240624,0.000160588,0.000302909,-0.00032181,0.0149111
-14.4292,26.9495,-0.942732,-0.150778,0.254886,-0.0191833,0.000233878,0.000294243,-0.000317791,0.0149723
-16.1811,26.8746,-0.454946,-0.148463,0.2509,-0.0297184,0.000244735,0.000333706,-0.00034682,0.0159257
-18.1104,26.7256,0.0159357,-0.145028,0.251606,-0.0272273,0.000227522,0.000356363,-0.000337509,0.0149479
-20.173,26.4524,0.442338,-0.13723,0.253511,-0.0345676,0.000163936,0.000416694,-0.000323114,0.0149493
-22.3466,25.9551,0.818739,-0.150355,0.266671,-0.037433,0.000119269,0.000314321,-0.000334549,0.0159914
-24.6991,25.2339,1.18922,-0.158538,0.268459,-0.0256286,7.60136e-05,0.00022074,-0.00031923,0.0149258
-26.883,24.4637,1.57918,-0.150488,0.273127,-0.0183698,4.74883e-05,0.000289435,-0.000310224,0.0159612
-29.1375,23.5697,1.97182,-0.146114,0.280772,-0.0222723,6.04091e-06,0.000344617,-0.000324036,0.0159441
-31.1983,22.6513,2.33873,-0.146243,0.279409,-0.0170739,-2.35713e-05,0.000302525,-0.000314163,0.0159646
-32.992,21.7823,2.59158,-0.146304,0.280643,-0.0183909,-2.25457e-05,0.000298669,-0.000323454,0.0159911
-34.849,20.7637,2.77243,-0.150944,0.284435,-0.0194153,-4.53042e-05,0.000298115,-0.000322966,0.0149498
-36.3512,19.894,2.88054,-0.164694,0.283009,-0.010262,-1.17609e-05,0.000159055,-0.000326751,0.0159517
-37.7514,19.0503,3.06725,-0.171254,0.275281,-0.00175726,2.44763e-06,0.000133516,-0.000327668,0.0159172
-39.0466,18.3819,3.29324,-0.159788,0.283257,0.00164436,1.40854e-05,0.000215604,-0.000328046,0.0160275
-40.0974,17.9371,3.47526,-0.150703,0.276733,-0.0100159,-5.82234e-06,0.000270795,-0.000338218,0.0158984
-41.1429,17.5663,3.58463,-0.155244,0.28072,-0.0120226,2.65013e-05,0.000252551,-0.000323472,0.0149758
-41.8964,17.3188,3.62589,-0.155046,0.278265,-0.0121433,5.21469e-05,0.000275441,-0.000319388,0.0159497
-42.6434,17.0952,3.59279,-0.152854,0.2782,-0.018367,2.51703e-05,0.000302518,-0.000319319,0.0159715
-43.2691,16.8449,3.4427,-0.16536,0.27365,-0.018017,0.000121678,0.000164168,-0.000328135,0.0150007
-43.812,16.6202,3.35132,-0.161931,0.269067,-0.0231623,7.35553e-05,0.00021334,-0.000323957,0.0149432
-44.3323,16.3208,3.2563,-0.16654,0.266314,-0.0331237,5.28781e-05,0.000223193,-0.000333389,0.0159422
-44.8756,15.8473,3.17138,-0.157364,0.266499,-0.0307245,5.79579e-05,0.000258385,-0.000319592,0.0160006
-45.3981,15.1998,3.10025,-0.158503,0.269747,-0.0307622,8.48516e-05,0.00025192,-0.00032886,0.0159087
-45.8521,14.5022,3.00576,-0.158548,0.272422,-0.0292103,0.000114143,0.000218848,-0.000318881,0.0159844
-46.3283,13.5559,2.91428,-0.165468,0.269648,-0.0303744,9.91555e-05,0.000174948,-0.000328032,0.0159443
-46.7242,12.5858,2.9019,-0.171233,0.272882,-0.0124624,7.67324e-05,9.72871e-05,-0.000308366,0.0159521
-47.0835,11.5673,2.96227,-0.168899,0.275546,-0.0136865,5.89485e-05,0.000149815,-0.000299113,0.0159248
-47.3849,10.5751,3.10334,-0.164627,0.272761,-0.0460985,7.95313e-05,0.000177504,-0.000322242,0.0159853
-47.5987,9.85655,3.24858,-0.114501,0.26367,-1.01316,0.000632094,0.00102976,-0.00039654,0.0159479
-47.6514,9.70877,3.33127,-0.0708749,0.283723,-1.30222,-0.000379666,0.00193999,-0.000417107,0.0159386
-47.6122,9.6349,3.37938,-0.07955,0.262741,-1.78377,5.4059e-05,0.00164744,-0.000416837,0.0159931
-47.6795,9.53572,3.3893,-0.0130668,0.199785,-2.5584,0.00129743,0.00310913,-0.000473081,0.0159473
-47.657,9.46104,3.38543,0.1243,0.309685,-3.33992,-0.00139339,0.00607528,-0.00053364,0.0160117
-47.6592,9.41166,3.40619,0.05417,0.37108,-4.16857,-0.00295372,0.00430484,-0.000581368,0.0159074
-47.6397,9.38718,3.43124,-0.0586263,0.4308,-5.15453,-0.00440876,0.00167382,-0.000526927,0.0160004
-47.5983,9.36269,3.45856,-0.189706,0.52653,-6.31384,-0.00657865,-0.00163311,-0.000430268,0.014896
-47.5571,9.3631,3.48792,-0.227162,0.667418,-7.53888,-0.0100014,-0.00268273,-0.000457611,0.0159504
-47.4913,9.33821,3.49264,-0.176859,0.835765,-8.80184,-0.0138507,-0.001779,-0.000550575,0.0159802
-47.4474,9.31332,3.49509,-0.00413468,0.997391,-10.1346,-0.0175451,0.0017939,-0.000723299,0.0159529
-47.4202,9.28761,3.44561,0.329873,1.13758,-11.2711,-0.0207443,0.00913527,-0.00081385,0.0159293
-47.3928,9.23701,3.39406,0.752418,1.21596,-12.2257,-0.0225523,0.0185915,-0.00106632,0.0160104
-47.4119,9.21172,3.36491,1.03406,1.22022,-12.8682,-0.0225552,0.0249259,-0.00110013,0.0159319
-47.39,9.21172,3.36716,1.02353,1.36291,-13.2746,-0.0257164,0.0245683,-0.000881336,0.0159688
-47.2588,9.21172,3.38064,0.854423,1.7433,-13.642,-0.0339815,0.0205407,-0.000405447,0.0149874
-47.0839,9.21172,3.39856,0.732031,2.28318,-13.9224,-0.0458164,0.0175961,-0.000197294,0.0159184
-46.8655,9.23661,3.42291,0.587927,2.79103,-14.0088,-0.0570821,0.0143872,-0.000404309,0.0159528
-46.6712,9.23701,3.46774,0.419426,3.25836,-13.978,-0.0666143,0.0103464,-0.000913674,0.0159405
-46.5156,9.23661,3.45837,0.461863,3.18745,-13.8728,-0.0630308,0.0105874,-0.00110394,0.0163583
-46.2944,9.23621,3.45555,0.488281,3.32543,-13.9267,-0.0642973,0.0106895,-0.00106825,0.0156007
-46.0052,9.23541,3.43433,0.518355,3.37539,-13.9782,-0.063373,0.0106185,-0.00110306,0.001482
-45.9833,9.23541,3.43651,0.512341,3.36227,-13.9804,-0.0627842,0.0102965,-0.00111279,0.0134673
-45.6091,9.23501,3.44862,0.459563,3.47944,-14.0062,-0.0637696,0.00888735,-0.00115323,0.0159283
-45.1426,9.23383,3.41929,0.40939,3.46255,-13.7214,-0.0638181,0.00791457,-0.00102583,0.0161116
-44.5037,9.23304,3.43128,0.342331,3.59244,-13.6467,-0.066993,0.00718438,-0.00121376,0.0157942
-43.7968,9.23188,3.42376,0.217124,3.96677,-13.7296,-0.0725556,0.00525178,-0.0010629,0.0160008
-43.0465,9.25562,3.42131,0.146164,4.23063,-13.679,-0.0737036,0.00488741,-0.000777224,0.0159581
-42.2964,9.27937,3.41763,0.177815,4.07224,-13.5654,-0.0706093,0.00547616,-0.000849954,0.0159317
-41.498,9.2775,3.36487,0.385811,3.57124,-13.3863,-0.0647767,0.0110583,-0.000428298,0.0159798
-40.4375,9.27566,3.33383,0.441595,3.70412,-13.55,-0.0689013,0.0108332,-0.000843899,0.0159202
-39.3337,9.27385,3.30409,0.430102,3.88529,-13.6957,-0.0697601,0.00814903,-0.00119903,0.0159895
-38.1408,9.27173,3.25406,0.588994,3.75016,-13.7685,-0.0710168,0.0133746,-0.00113586,0.0159417
-36.8828,9.26966,3.2062,0.487168,4.10348,-13.9857,-0.0743262,0.00994217,-0.00106887,0.0159452
-35.5381,9.29253,3.16372,0.451748,4.14707,-14.1637,-0.0752999,0.0104132,-0.00100151,0.0159615
-34.214,9.31513,3.09078,0.489068,3.86318,-14.1249,-0.0705794,0.0108741,-0.000871661,0.0159687
-32.6702,9.31258,3.00263,0.465127,3.97458,-14.1229,-0.0736092,0.0121226,-0.000756536,0.0159539
-31.3911,9.31043,2.9164,0.334031,3.84809,-14.0741,-0.0706697,0.0105088,-0.000320131,0.0159687
-29.8274,9.33294,2.82226,0.370488,3.78438,-14.0572,-0.0701564,0.0118223,-0.000379881,0.0159858
-28.2209,9.33065,2.72342,0.37588,3.66499,-14.1159,-0.0700011,0.0107751,-0.000808762,0.0159337
-26.4422,9.32872,2.65399,0.198994,3.85392,-14.2337,-0.0690473,0.00569678,-0.000721427,0.0159605
-24.7736,9.32685,2.57181,0.156585,3.50611,-14.2001,-0.0653776,0.00426908,-0.000867545,0.0159882
-23.0224,9.32581,2.56279,0.0633302,3.33706,-14.0863,-0.0630651,0.00346801,-0.000934527,0.0159171
-21.2464,9.32405,2.47327,0.0454334,3.40464,-13.9559,-0.063005,0.00509764,-0.000527333,0.015958
-19.4746,9.32307,2.45175,-0.184584,3.50254,-13.8939,-0.0599974,-0.000234231,-0.000417136,0.0159293
-17.7231,9.32165,2.37264,-0.0831038,3.55036,-14.0626,-0.0620008,0.00220383,-0.000159193,0.0160056
-15.9709,9.34472,2.239,-0.0235846,3.46242,-14.1753,-0.0637528,0.00749947,0.000543246,0.015941
-14.2432,9.3683,2.14793,-0.0579584,3.72676,-14.3806,-0.0639597,0.00362896,-0.000146211,0.0159629
-12.6465,9.34194,2.0177,-0.0266194,3.47541,-14.2919,-0.0643051,0.00302071,-0.00026864,0.0149753
-11.0528,9.36602,1.96094,-0.264701,3.54218,-14.3092,-0.0630204,-0.000194174,-0.000148132,0.0159345
-9.50312,9.36524,1.8957,-0.320711,3.43816,-14.3468,-0.0619298,-0.00107794,-0.000146858,0.0159525
-7.88823,9.36429,1.80139,-0.175628,3.19239,-14.0932,-0.0608599,0.0011892,-0.000257856,0.0159671
-6.42731,9.36373,1.74923,-0.307622,3.7057,-14.426,-0.0645734,-0.000967558,-0.00025202,0.0159342
-5.03133,9.36266,1.61678,0.0139264,3.15523,-14.4135,-0.0603542,0.00635583,-4.55e-05,0.0159447
-3.3969,9.3618,1.50691,-0.0675604,3.57919,-14.5431,-0.0646821,0.00389946,-0.00017253,0.0149603
-1.89412,9.36131,1.44064,-0.322052,3.66262,-14.7074,-0.0644597,-8.46246e-05,0.000190059,0.0149644
-0.326485,9.3605,1.31955,-0.341346,3.44558,-14.6465,-0.0656798,0.000267236,8.74745e-05,0.015954
1.56696,9.3602,1.26704,-0.679427,3.90932,-14.7602,-0.0696042,-0.00846099,-0.000377647,0.0159686
3.32959,9.38493,1.2347,-0.700807,3.95524,-14.8535,-0.0705029,-0.00978623,-0.000337815,0.0159344
4.93993,9.38493,1.22018,-0.839908,3.86494,-14.3287,-0.0690996,-0.0112491,-0.000168105,0.0159915
6.20171,9.38478,1.17987,-0.735261,3.56928,-13.9194,-0.0646101,-0.0100011,-0.000172405,0.015957
7.35492,9.38478,1.16281,-0.589499,3.39453,-13.5788,-0.0626814,-0.00809831,-0.000522494,0.0159658
8.35532,9.38463,1.12069,-0.423468,3.35975,-13.2393,-0.0617526,-0.00362849,-0.000273603,0.0149482
9.11578,9.38433,1.05623,-0.293095,3.23953,-12.7024,-0.0590056,-0.000613863,-0.00020828,0.0160118
9.74555,9.38404,0.993301,-0.124919,3.19245,-12.04,-0.0560326,0.00202853,-0.000184545,0.0159325
10.1577,9.38375,0.934383,-0.0137796,2.91411,-11.4098,-0.0511324,0.004699,-1.74125e-05,0.0149157
10.5268,9.38361,0.901066,0.0679827,2.66874,-10.5589,-0.046181,0.00613741,-0.000125971,0.0161366
10.7002,9.38347,0.872065,-0.0904671,2.35494,-9.44832,-0.0397701,0.0026387,-0.000169292,0.0157844
10.896,9.40837,0.869506,-0.14974,2.01086,-8.05038,-0.0340578,0.00121588,-0.000230728,0.0160006
11.0258,9.40823,0.841414,-0.0434331,1.65824,-6.35436,-0.0269173,0.00341143,-0.000187477,0.01596
11.0904,9.40809,0.814869,0.142394,1.28592,-4.51069,-0.0198823,0.00724881,-0.000129509,0.0159338
11.1104,9.43258,0.741485,0.285452,0.860058,-2.81657,-0.0111754,0.00996725,-5.59142e-05,0.014957
11.195,9.45695,0.64154,0.159703,0.605813,-1.69822,-0.00640638,0.0071521,-0.000160034,0.0159524
11.3224,9.53102,0.51963,0.00668548,0.410392,-0.894394,-0.00275596,0.00396551,-0.000253822,0.0158912
11.1917,9.63047,0.506042,-0.119033,0.205479,-0.367646,0.00126865,0.00115384,-0.000315165,0.0150519
10.8228,9.90432,0.537297,-0.169013,0.207235,-0.102163,0.000810509,0.000135999,-0.00032023,0.0159387
9.99978,10.4773,0.677236,-0.165713,0.24858,-0.00834474,0.000191077,0.000185742,-0.000360157,0.0159508
8.85145,11.2996,0.89091,-0.146566,0.260951,-0.0122583,0.000113847,0.000328544,-0.000350524,0.0159876
7.61369,12.3457,1.01888,-0.150176,0.261456,-0.0194472,0.000111988,0.000291111,-0.000354473,0.0159141
6.30905,13.4663,1.07258,-0.150074,0.265436,-0.0205783,8.93562e-05,0.000356686,-0.000340511,0.015951
4.96009,14.6118,1.0721,-0.139143,0.276914,-0.027885,2.27633e-06,0.000419167,-0.00033932,0.0159628
3.67519,15.682,0.909266,-0.142718,0.282656,-0.0326778,3.20755e-05,0.00038712,-0.000352612,0.0159585
2.49932,16.6276,0.631545,-0.153852,0.269876,-0.0247475,0.000110532,0.000254793,-0.000329221,0.0159414
1.25986,17.4491,0.390924,-0.166164,0.252309,-0.0348267,0.000176885,0.000172239,-0.000344185,0.0149799
0.0651489,18.022,0.279562,-0.155655,0.254471,-0.0279812,0.0001733,0.000274186,-0.000345459,0.0150446
-1.41128,18.5701,0.187003,-0.15001,0.258975,-0.0220235,0.000131098,0.000318366,-0.00035031,0.0158847
-2.86553,19.0436,0.109558,-0.156843,0.262906,-0.0165593,0.000142269,0.000278482,-0.000335506,0.0159921
-4.4932,19.567,0.0533016,-0.16605,0.256247,-0.025201,0.000199645,0.000177598,-0.000358659,0.0159361
-6.2524,20.0658,0.112296,-0.164618,0.254559,-0.0164445,0.000194499,0.000220398,-0.000331173,0.0159207
-8.1441,20.5149,0.258678,-0.159483,0.254866,-0.0349267,0.000163674,0.000178822,-0.000348628,0.0160162
-10.1918,20.8398,0.51116,-0.146627,0.261099,-0.0277213,0.000150411,0.000324319,-0.000321485,0.0149001
-12.1758,21.0402,0.723937,-0.13881,0.268098,-0.0257218,0.000110086,0.000378654,-0.000345069,0.01499
-14.1594,21.1655,0.848899,-0.151099,0.261005,-0.0168302,0.000129373,0.000315968,-0.000336035,0.0149268
-16.166,21.266,0.963059,-0.14564,0.269326,-0.015579,8.40046e-05,0.000344312,-0.000340099,0.0150329
-18.1492,21.3911,0.995791,-0.138095,0.280152,-0.0215162,-6.41024e-06,0.000395741,-0.00033415,0.0159242
-20.1264,21.4906,0.868791,-0.135769,0.285392,-0.0166025,-2.96182e-05,0.000443432,-0.000329564,0.0159569
-21.9422,21.5645,0.564529,-0.138239,0.285295,-0.0226398,1.82485e-05,0.000366833,-0.000342871,0.01594
-23.5972,21.5633,0.13205,-0.148232,0.271777,-0.0273832,6.72198e-05,0.000308182,-0.000329329,0.0159487
-25.0755,21.4376,-0.303809,-0.150556,0.266514,-0.0360488,7.74643e-05,0.000284613,-0.000334007,0.0149876
-26.5939,21.1376,-0.756838,-0.151514,0.269878,-0.0299071,8.40215e-05,0.00032053,-0.000329698,0.0149581
-28.0889,20.6884,-1.19743,-0.16553,0.276073,-0.0128837,2.77188e-05,0.000181589,-0.000318324,0.0149331
-29.5875,20.1646,-1.54803,-0.164703,0.281658,-0.00790208,-2.70439e-05,0.00015589,-0.00033161,0.0149843
-30.789,19.8653,-1.77054,-0.151678,0.276216,-0.00879254,2.49157e-05,0.00028016,-0.000333865,0.0159425
-32.0509,19.5911,-2.04932,-0.14689,0.272486,-0.0152275,9.01159e-06,0.000375598,-0.000320806,0.0159457
-33.2216,19.3169,-2.37526,-0.142398,0.272476,-0.0191861,3.53789e-05,0.000372088,-0.000334954,0.0159755
-34.3438,19.0429,-2.75093,-0.137988,0.273696,-0.0329434,3.03277e-05,0.000409071,-0.000344184,0.0159759
-35.3893,18.6448,-3.25669,-0.144755,0.281746,-0.0233879,0.000112874,0.000330067,-0.00031476,0.0159177
-36.3462,18.1722,-3.76299,-0.157284,0.267891,-0.0159699,0.000111307,0.000196699,-0.000329058,0.0159947
-37.3285,17.6747,-4.20049,-0.15942,0.26926,-0.0196934,0.000114268,0.000244782,-0.000324686,0.015961
-38.3171,17.1273,-4.54435,-0.157197,0.263937,-0.0236666,6.17448e-05,0.000269996,-0.000329813,0.0159312
-39.3105,16.5298,-4.81968,-0.154784,0.265467,-0.0110756,9.53022e-05,0.000245654,-0.000311002,0.0160009
-40.2646,15.982,-5.04101,-0.158157,0.264746,-0.011225,8.52658e-05,0.000254735,-0.000320679,0.0149454
-41.2013,15.4838,-5.20987,-0.153595,0.266021,-0.0117145,0.000105675,0.00027426,-0.000344625,0.0149197
-42.1425,15.0603,-5.32626,-0.148971,0.272701,-0.00775368,9.73364e-05,0.000326842,-0.000320958,0.014957
-43.0579,14.7366,-5.48565,-0.152505,0.274581,-0.00624482,0.000102501,0.000280065,-0.000320294,0.0149563
-44.0616,14.5125,-5.62354,-0.151461,0.272519,-0.012639,9.74339e-05,0.000278951,-0.000334439,0.0159624
-44.8726,14.3631,-5.73924,-0.1548,0.266677,-0.0162278,6.99945e-05,0.000289669,-0.000320621,0.015964
-45.774,14.2135,-5.81542,-0.142425,0.269896,-0.0240278,4.72332e-05,0.000357171,-0.000330118,0.015987
-46.6057,14.0393,-5.93828,-0.144774,0.277686,-0.0150948,6.00836e-05,0.000324565,-0.000329402,0.0159268
-47.4321,13.8902,-6.11063,-0.141211,0.277115,-0.010392,3.49933e-05,0.00037872,-0.000325431,0.0149884
-48.0608,13.841,-6.30642,-0.139156,0.275683,-0.0177565,1.98769e-05,0.000355504,-0.00032961,0.0149389
-48.5743,13.8173,-6.56424,-0.14595,0.273201,-0.0246145,7.4639e-05,0.000301307,-0.000310211,0.0159573
-49.1293,13.7189,-6.83273,-0.150586,0.270449,-0.0334418,0.000100947,0.00026707,-0.000333631,0.0159437
-49.6671,13.5206,-7.05717,-0.154988,0.271903,-0.0269022,0.000123347,0.000252659,-0.000314725,0.01597
-50.2328,13.1724,-7.22125,-0.150469,0.270505,-0.0222749,5.91751e-05,0.000290287,-0.000319901,0.0159689
-50.7417,12.724,-7.31206,-0.149322,0.271111,-0.0263177,7.69103e-05,0.000307011,-0.000338996,0.0149521
-51.1887,12.2257,-7.37554,-0.144838,0.272441,-0.0323121,3.74497e-05,0.000355332,-0.000319969,0.014965
-51.5493,11.6278,-7.43788,-0.148252,0.276999,-0.0222745,6.4498e-05,0.000310262,-0.000324292,0.0159625
-51.8716,10.9052,-7.45652,-0.144957,0.277524,-0.0211842,1.27645e-05,0.000330746,-0.000328992,0.0159261
-52.0626,10.1579,-7.48849,-0.153846,0.287933,-0.201132,-0.000200523,0.000244112,-0.000323095,0.0160056
-52.0973,9.6104,-7.56257,-0.183113,0.323736,-0.883258,-0.000971995,0.000216379,-0.000372749,0.0149297
-52.0081,9.511,-7.58563,-0.147704,0.379568,-0.984592,-0.00219886,0.000685054,-0.000309928,0.0149546
-51.8736,9.43665,-7.62657,-0.127971,0.391675,-1.22162,-0.00274722,0.00154137,-0.00027844,0.015956
-51.8091,9.38687,-7.62327,-0.198625,0.447747,-1.35118,-0.00397326,-0.000250646,-0.000247804,0.0159762
-51.7446,9.33708,-7.61998,-0.223901,0.478514,-1.76456,-0.00459422,-0.000579083,-0.000210808,0.0159768
-51.6799,9.2624,-7.61876,-0.259309,0.573779,-2.51346,-0.00651496,-0.000944612,-0.000179528,0.0159296
-51.6396,9.21245,-7.59314,-0.393962,0.615932,-3.44495,-0.00743577,-0.00344449,-0.000162438,0.0159391
-51.6209,9.18739,-7.56793,-0.560387,0.653324,-4.25339,-0.00796721,-0.00679949,-0.000146922,0.0149721
-51.581,9.18723,-7.53822,-0.813972,0.7626,-5.05873,-0.0102043,-0.0121607,-0.000109014,0.0149872
-51.4771,9.18706,-7.50117,-1.0533,1.00343,-6.03682,-0.01546,-0.0168781,5.67436e-05,0.0159333
-51.2879,9.1869,-7.4544,-1.23715,1.45201,-7.15061,-0.0255451,-0.0203038,0.000324716,0.0159605
-51.0955,9.16201,-7.43459,-1.26816,1.90101,-8.19136,-0.0352856,-0.0200553,0.000536634,0.0160009
-50.9432,9.16217,-7.44245,-1.07402,2.0984,-8.91501,-0.0388938,-0.015013,0.000541388,0.0149043
-50.8334,9.13744,-7.45725,-0.911178,2.19483,-9.41762,-0.0409834,-0.0108117,0.000562925,0.0150128
-50.7051,9.11255,-7.44484,-0.839457,2.2339,-9.87952,-0.0409246,-0.00880936,0.000607623,0.0159192
-50.5315,9.11272,-7.45044,-0.87192,2.40481,-10.4179,-0.0445495,-0.00898318,0.000782168,0.0159357
-50.318,9.11272,-7.4265,-0.900658,2.56021,-10.9789,-0.0472437,-0.00879665,0.000851325,0.0149622
-50.0191,9.11272,-7.39316,-0.906518,2.79003,-11.4756,-0.0512732,-0.00795743,0.00101907,0.0149702
-49.632,9.11288,-7.37542,-0.926668,2.91424,-11.95,-0.0536984,-0.00760642,0.00112089,0.0160313
-49.0954,9.11305,-7.34166,-0.978273,2.9844,-12.2948,-0.054837,-0.0086983,0.00123795,0.0159015
-48.4547,9.11305,-7.2722,-1.20492,3.07031,-12.6013,-0.0564246,-0.0132288,0.00127211,0.0149187
-47.6858,9.11305,-7.19005,-1.33065,3.24193,-12.6317,-0.0602318,-0.016606,0.00136778,0.014969
-46.874,9.11305,-7.10477,-1.32478,3.25123,-12.63,-0.0603401,-0.0169889,0.00120786,0.0159469
-45.8005,9.11339,-7.04448,-1.23838,3.42959,-12.8482,-0.0648786,-0.0128605,0.00168115,0.0160051
-44.556,9.11374,-6.9698,-1.16634,3.31739,-13.1339,-0.0645674,-0.0111305,0.00195335,0.0149214
-43.2473,9.11409,-6.89239,-1.11007,3.45279,-13.4865,-0.0663573,-0.0123258,0.00124631,0.0159892
-41.6393,9.11445,-6.79102,-1.13062,3.73788,-13.7393,-0.070641,-0.0112835,0.00152673,0.0159977
-40.093,9.11499,-6.72597,-1.08084,3.72385,-13.831,-0.0701771,-0.0104437,0.0017587,0.0159224
-38.5489,9.11536,-6.64135,-1.18493,3.73391,-13.982,-0.0709128,-0.0105286,0.00202187,0.0159487
-36.9619,9.11574,-6.5585,-1.15793,3.54792,-13.8433,-0.0678649,-0.0120298,0.00174479,0.0159384
-35.332,9.11612,-6.47789,-1.28485,4.03076,-13.9983,-0.0728492,-0.0128041,0.00179571,0.0159587
-33.8519,9.1414,-6.41233,-1.3446,3.86503,-13.9752,-0.0710518,-0.0110015,0.00259576,0.0159703
-32.4303,9.1175,-6.43511,-1.00715,3.36238,-13.6661,-0.0639322,-0.00830416,0.00171281,0.0149599
-30.7346,9.11812,-6.39142,-0.97019,3.62403,-13.9618,-0.0658537,-0.00910811,0.00120595,0.0149319
-29.6184,9.11853,-6.36677,-0.940986,3.67619,-14.1496,-0.067265,-0.00796154,0.00105484,0.0159922
-28.3082,9.11916,-6.35768,-0.971152,3.49795,-14.0467,-0.0653291,-0.00650883,0.00184977,0.0159748
-26.9553,9.11981,-6.34984,-0.972871,3.28414,-13.8055,-0.0633362,-0.00540987,0.00201256,0.0160486
-25.5584,9.12069,-6.36856,-0.940776,3.25006,-13.7028,-0.0636298,-0.00456904,0.00205775,0.0148166
-24.2059,9.09647,-6.37103,-0.930956,3.25135,-13.7309,-0.0620809,-0.00452974,0.00208827,0.0159619
-22.7015,9.09762,-6.41781,-0.91519,3.20465,-13.7555,-0.0631971,-0.00318882,0.00228739,0.016053
-21.1119,9.07391,-6.46767,-1.04528,3.22267,-13.7025,-0.0604968,-0.0057893,0.00247608,0.0158579
-19.5658,9.05024,-6.52498,-0.970565,3.0103,-13.5703,-0.0605712,-0.00649292,0.00179958,0.0159691
-17.9164,9.05074,-6.50639,-1.13528,3.28996,-13.5448,-0.058488,-0.0108982,0.00166575,0.0159593
-16.3946,9.05149,-6.52344,-1.14,3.02693,-13.3127,-0.056262,-0.00938564,0.00168428,0.0149579
-14.8517,9.05226,-6.54493,-1.29213,3.26214,-13.3267,-0.0590883,-0.0127647,0.00165621,0.0149464
-13.3526,9.05278,-6.548,-1.15537,2.96699,-13.2836,-0.0565502,-0.0113373,0.00157111,0.0159541
-11.6191,9.05304,-6.52496,-1.31984,3.07707,-13.4503,-0.058376,-0.0128349,0.00190641,0.0159476
-9.99262,9.0533,-6.51094,-1.48313,3.07331,-13.4878,-0.0588933,-0.0153886,0.00216076,0.0160262
-8.47313,9.05356,-6.50479,-1.66386,3.42621,-13.4981,-0.0627431,-0.0184866,0.00214548,0.0149333
-7.14589,9.07899,-6.52968,-1.49873,3.20063,-13.2242,-0.0600732,-0.0150047,0.00214436,0.0159673
-5.69049,9.07952,-6.55891,-1.27044,2.84705,-13.1567,-0.0553882,-0.0104205,0.00213373,0.015966
-4.19256,9.05518,-6.59451,-1.39837,3.02498,-13.2474,-0.0586229,-0.0132814,0.00204192,0.0149463
-2.75911,9.05573,-6.63341,-1.45979,3.07501,-13.224,-0.0582438,-0.0137887,0.00243959,0.0159923
-1.24047,9.056,-6.65165,-1.50936,3.18085,-13.1179,-0.0605314,-0.0152537,0.00215318,0.0159618
0.213862,9.05628,-6.67496,-1.55761,3.46936,-13.0818,-0.061646,-0.0171259,0.00188636,0.015923
1.49678,9.05712,-6.75233,-1.32098,2.91609,-12.8826,-0.0547384,-0.0121417,0.00198111,0.0159463
2.99338,9.0574,-6.78476,-1.25132,3.02964,-13.0447,-0.0583926,-0.0124787,0.00171955,0.0159368
4.53254,9.05769,-6.8226,-1.51739,3.26737,-13.1706,-0.061456,-0.0158244,0.00201925,0.0159908
6.07147,9.05798,-6.8657,-1.77268,3.37866,-13.0735,-0.0634788,-0.0199554,0.00237355,0.0159486
7.46095,9.05798,-6.88657,-1.83331,3.20913,-12.8555,-0.0593465,-0.022577,0.00224049,0.0159537
8.65751,9.05826,-6.93297,-1.65212,3.03444,-12.8782,-0.0586589,-0.0205141,0.00195803,0.0159492
9.91909,9.05798,-6.93401,-1.86481,3.31695,-12.995,-0.0616462,-0.0225826,0.00218808,0.0150103
10.9664,9.08287,-6.95623,-1.86026,3.19747,-13.0217,-0.0608041,-0.0222143,0.002406,0.0159392
11.9068,9.08287,-6.98012,-1.80656,3.03305,-12.982,-0.0581834,-0.0220813,0.00226846,0.01595
12.8899,9.08287,-7.00719,-1.76023,2.99233,-12.8833,-0.0559541,-0.0234291,0.00152002,0.0159269
13.895,9.05769,-7.01418,-1.78088,3.25022,-12.9149,-0.0600422,-0.0234602,0.0017446,0.0161052
14.8558,9.05798,-7.06985,-1.66124,3.42145,-12.9249,-0.0617672,-0.0201253,0.00186172,0.0157966
15.6669,9.08315,-7.12027,-1.36503,3.28044,-12.9496,-0.0588603,-0.0147789,0.0016572,0.0159577
16.37,9.05884,-7.19735,-1.07475,3.27407,-12.9812,-0.0587326,-0.009541,0.0015918,0.0159642
17.139,9.05884,-7.22598,-1.19635,3.06181,-12.6638,-0.0557801,-0.0130578,0.00128725,0.0159463
17.7584,9.05884,-7.25,-1.37019,3.00822,-12.2523,-0.0547421,-0.0175709,0.000836359,0.0149518
18.5284,9.05855,-7.25605,-1.52067,2.93861,-11.9001,-0.0530651,-0.0202277,0.00106254,0.0149725
19.1692,9.08344,-7.28082,-1.48472,2.91156,-11.6946,-0.0527277,-0.0188308,0.0011981,0.0149865
19.639,9.08344,-7.30109,-1.26493,2.79245,-11.3755,-0.0506506,-0.0136881,0.00127306,0.0160019
20.1066,9.05913,-7.37382,-1.00686,2.56088,-10.8288,-0.0468929,-0.00774856,0.00149877,0.0159444
20.6405,9.08402,-7.39592,-0.931138,2.34751,-9.87889,-0.0433387,-0.00764899,0.00114325,0.0159691
21.109,9.08432,-7.44267,-0.831203,2.09888,-8.59239,-0.0377431,-0.00721928,0.000940677,0.0159441
21.5562,9.08461,-7.48888,-0.71247,1.73859,-6.90317,-0.0302031,-0.00617098,0.000620846,0.0159252
21.7496,9.10921,-7.47112,-0.853743,1.32825,-4.86118,-0.0210308,-0.0112137,0.000202216,0.0159579
21.6868,9.1338,-7.44101,-0.826931,0.775382,-2.90663,-0.00958849,-0.0124592,-0.000348613,0.0159752
21.4534,9.1833,-7.40067,-0.530013,0.196929,-1.34696,0.00224427,-0.00699438,-0.000568451,0.0159341
21.0507,9.35696,-7.31718,-0.216398,0.177253,-0.377376,0.00193719,-0.000935304,-0.000432725,0.01599
20.2442,9.80419,-7.1683,-0.147069,0.218349,-0.045667,0.000709902,0.000257534,-0.000360332,0.0160391
19.0514,10.5508,-7.03077,-0.145083,0.225563,0.0109525,0.000380784,0.000286739,-0.000360552,0.0158573
17.4744,11.671,-6.85344,-0.158012,0.233635,0.00547812,0.000332637,0.000224559,-0.000363367,0.0159619
15.1525,13.3633,-6.5161,-0.14348,0.244558,-0.000888309,0.000221232,0.000364834,-0.000358361,0.0159789
12.7833,15.1562,-6.23878,-0.144758,0.246455,-0.00683922,0.00023382,0.00034018,-0.000357691,0.0159286
10.1133,17.323,-5.89973,-0.148682,0.257104,-0.0125668,0.000158662,0.000318316,-0.000365281,0.0160421
7.33373,19.5895,-5.50412,-0.139041,0.2783,-0.0216956,9.8098e-06,0.000425581,-0.000334811,0.0148774
4.78547,21.707,-5.14764,-0.127621,0.270593,-0.0371632,5.00735e-05,0.000466174,-0.000349804,0.0159254
2.14735,23.8504,-4.83867,-0.155685,0.256984,-0.0169393,0.00013307,0.00027393,-0.000350205,0.0159433
-0.558811,25.9933,-4.43039,-0.145348,0.257821,-0.0219498,0.000102636,0.000373924,-0.000327172,0.0159852
-3.31327,28.1113,-3.9748,-0.143113,0.255304,-0.035433,0.000149267,0.000364777,-0.000322211,0.0159767
-6.18174,30.0048,-3.48067,-0.148211,0.236776,-0.0474624,0.000336832,0.000328225,-0.000357387,0.0159445
-9.31696,31.574,-2.92877,-0.147102,0.236181,-0.0409803,0.000318155,0.000305722,-0.000338286,0.0159534
-12.7661,32.8188,-2.2725,-0.135863,0.250415,-0.0401522,0.000287552,0.000403991,-0.000356956,0.015958
-16.4001,33.7901,-1.60999,-0.146784,0.235156,-0.0274501,0.000370575,0.000298659,-0.000329623,0.0160163
-20.2011,34.6626,-0.888183,-0.157666,0.249488,-0.0156082,0.000222467,0.000231176,-0.000336669,0.0159121
-23.8467,35.4621,-0.09283,-0.149207,0.267297,-0.0138922,5.84025e-05,0.000287544,-0.000325259,0.0159664
-27.8892,36.3393,0.875732,-0.140477,0.277503,-0.0324118,-2.54018e-07,0.00037558,-0.000328996,0.0159592
-31.3044,36.9935,1.64612,-0.133717,0.28392,-0.0337758,-0.000104023,0.000496678,-0.000319756,0.0159799
-34.6628,37.4746,2.3416,-0.146876,0.289357,-0.0301674,-0.00012307,0.000297272,-0.00031681,0.0149439
-37.4762,37.7815,2.92881,-0.146748,0.293387,-0.0239989,-8.59019e-05,0.000302147,-0.00031694,0.0159236
-40.2079,37.9647,3.47887,-0.134218,0.287553,-0.0370818,-9.54298e-05,0.000379781,-0.000332052,0.0159786
-42.6898,37.8971,3.856,-0.135082,0.285822,-0.0395592,-6.46979e-05,0.000424524,-0.000318615,0.015961
-44.8941,37.5778,4.04144,-0.12608,0.292332,-0.0383395,-0.000115213,0.000491386,-0.000309027,0.0159217
-46.8098,36.9553,3.96305,-0.120647,0.300403,-0.0414303,-0.000228286,0.000593069,-0.000342059,0.0159583
-48.3462,36.1292,3.6348,-0.134413,0.296435,-0.029495,-0.000204199,0.00042706,-0.000326783,0.0159419
-49.5257,35.125,3.08254,-0.151404,0.291918,-0.0301205,-0.00011967,0.000299991,-0.000321423,0.0159847
-50.4318,33.9706,2.4752,-0.174418,0.285199,-0.0267174,-2.79429e-05,3.17954e-05,-0.000328967,0.0159984
-51.1554,32.7435,2.0317,-0.185193,0.273913,-0.0118329,9.27434e-05,-4.46441e-05,-0.000316185,0.0158985
-51.8154,31.4942,1.81619,-0.190847,0.269277,-0.0144055,9.34387e-05,-6.41069e-05,-0.000325849,0.0159818
-52.4402,30.2231,1.87585,-0.176855,0.26947,-0.0142143,8.5077e-05,9.32488e-05,-0.000341963,0.0159486
-52.9734,29.0538,2.09651,-0.171361,0.277796,-0.0142594,3.32805e-05,0.000141347,-0.000346198,0.0159099
-53.4038,27.9354,2.37793,-0.156388,0.280028,-0.0133711,3.63411e-05,0.000243874,-0.000332945,0.0159742
-53.7248,26.7176,2.66457,-0.152794,0.278201,-0.00237511,2.52022e-06,0.000282237,-0.000319592,0.0149871
-53.8794,25.698,2.85096,-0.146028,0.27689,-0.011282,-5.79812e-06,0.000321535,-0.000324499,0.0159408
-53.8883,24.7019,2.92757,-0.151776,0.281379,-0.00734049,8.86817e-06,0.000283096,-0.000328623,0.0160015
-53.7739,23.8038,2.89581,-0.159801,0.277957,-0.00243275,1.62809e-05,0.000206021,-0.000347296,0.0159249
-53.5451,23.0298,2.83192,-0.160705,0.268413,-0.0036656,5.96528e-05,0.000186113,-0.00033389,0.0159848
-53.2461,22.4298,2.73397,-0.166036,0.260223,-0.00976495,0.000113358,0.000200308,-0.000315949,0.0160121
-52.9254,21.8547,2.63892,-0.171834,0.260868,-0.0180593,0.00018716,0.000123223,-0.000319754,0.0159035
-52.6592,21.1814,2.63159,-0.167284,0.264776,-0.0182031,0.000162776,0.000177995,-0.000319903,0.0159432
-52.4642,20.5337,2.66671,-0.159442,0.266684,-0.0171034,0.000124951,0.000205851,-0.000319836,0.0149743
-52.2692,19.9111,2.70231,-0.165004,0.265976,-0.00863439,0.000107597,0.000208199,-0.000329764,0.0150286
-52.0713,19.2881,2.71217,-0.162777,0.272573,-0.0058719,0.000133096,0.000199681,-0.000319731,0.0158703
-51.8054,18.7147,2.70674,-0.162869,0.268581,-0.0120519,0.000109657,0.000194327,-0.000319666,0.0155494
-51.5397,18.1912,2.70358,-0.167349,0.263359,-0.00964279,0.000119117,0.000159657,-0.000324673,0.0011626
-51.5177,18.1663,2.70446,-0.167356,0.262049,-0.0158965,0.000132358,0.000164155,-0.000329427,0.0131452
-51.2992,17.7429,2.72683,-0.163865,0.262741,-0.00997126,0.000128198,0.000186338,-0.00033459,0.0160654
-51.0611,17.27,2.77272,-0.161588,0.269358,-0.0122266,0.000154718,0.000209341,-0.000324765,0.0159105
-50.8401,16.8962,2.7725,-0.164923,0.25952,-0.012426,0.000109292,0.000209975,-0.00032551,0.0159307
-50.6412,16.5722,2.77278,-0.171831,0.258172,-0.0232793,0.000158273,0.000156666,-0.000329591,0.0160157
-50.5184,16.1998,2.86151,-0.169588,0.263428,-0.0206655,0.000168999,0.000160743,-0.00032452,0.0159228
-50.4633,15.778,2.96416,-0.159335,0.266765,-0.0184228,0.000145981,0.000224645,-0.000320133,0.0159874
-50.4569,15.3072,3.10782,-0.162922,0.273777,-0.00939865,0.0001004,0.000200774,-0.000314552,0.0159817
-50.3797,14.8606,3.21027,-0.156115,0.268485,-0.0186797,7.48598e-05,0.000253628,-0.000334178,0.0159247
-50.2921,14.4873,3.21828,-0.159613,0.27041,-0.027081,0.00010212,0.000234268,-0.000333577,0.0159377
-50.1819,14.0143,3.22118,-0.162905,0.266014,-0.0280047,0.000136817,0.000203316,-0.000314765,0.0159408
-50.0947,13.3674,3.23324,-0.165378,0.269776,-0.032834,0.000154224,0.000165517,-0.000328092,0.0159485
-50.0547,12.4972,3.27244,-0.165362,0.26851,-0.0327182,0.000146408,0.000165858,-0.000318671,0.0159937
-50.0043,11.4051,3.41912,-0.15972,0.272987,-0.0379441,9.24141e-05,0.000258175,-0.00032363,0.0159403
-49.9345,10.0154,3.59115,-0.117899,0.275119,-0.441256,-5.99024e-05,0.00120845,-0.0002846,0.0159426
-49.8397,9.54538,3.73831,-0.309773,0.504942,-1.18755,-0.00389918,-0.00341738,-0.000380355,0.0149672
-49.4068,9.47157,3.82896,-0.117894,0.675786,-1.79318,-0.00791447,0.000468057,-0.000446543,0.0149773
-49.1658,9.44668,3.85265,-0.225954,0.605463,-1.89698,-0.00733413,-0.00197092,-0.000426206,0.0149932
-49.0395,9.42266,3.91426,-0.328336,0.63341,-2.22109,-0.00784753,-0.00446914,-0.000513588,0.0149591
-49.001,9.42355,3.96858,-0.434736,0.63226,-2.9801,-0.00739739,-0.00723016,-0.000530553,0.0159493
-49.0473,9.3991,3.98672,-0.473392,0.491791,-4.09994,-0.00379124,-0.00867546,-0.000513119,0.0160027
-49.137,9.34976,3.99813,-0.365516,0.28638,-5.3439,0.00127965,-0.00691227,-0.000426324,0.0158823
-49.2215,9.29953,3.95986,-0.123411,0.164992,-6.80966,0.00442947,-0.00226363,-0.000352849,0.0159859
-49.2622,9.2493,3.92625,0.195142,0.125977,-8.25356,0.00571671,0.00419168,-0.000189916,0.0159297
-49.2401,9.22441,3.92653,0.339893,0.258613,-9.49841,0.00314848,0.00664474,-8.03021e-05,0.0159704
-49.1963,9.22441,3.9312,0.286236,0.521565,-10.3072,-0.00266942,0.00491956,-7.23648e-05,0.0159704
-49.065,9.22441,3.94519,0.147705,0.997217,-10.822,-0.0132053,0.00138059,-4.08536e-05,0.0159458
-48.8899,9.22441,3.96379,-0.0785405,1.50913,-11.4353,-0.0246196,-0.0040615,-0.000253558,0.0149554
-48.6954,9.22485,4.00947,-0.19522,1.9999,-12.1586,-0.0352636,-0.00708239,-0.00054599,0.0149441
-48.4546,9.22485,4.03484,-0.265418,2.53837,-12.949,-0.0471179,-0.00908561,-0.00108453,0.015972
-48.2795,9.22485,4.05321,-0.276595,2.90997,-13.4609,-0.0549674,-0.00946398,-0.00175018,0.015974
-48.1674,9.22441,4.03981,-0.247601,2.91611,-13.5423,-0.0547101,-0.00842635,-0.0018227,0.0159611
-48.0141,9.22441,4.05579,-0.135983,2.88745,-13.5941,-0.0545402,-0.00531036,-0.00154527,0.0159017
-47.6391,9.19907,4.06749,0.00876403,3.08573,-13.9814,-0.0594273,-0.00164402,-0.00161076,0.0159965
-47.1136,9.19907,4.12147,0.00399637,3.17374,-14.2669,-0.0616666,-0.00145172,-0.00142393,0.0149967
-46.4785,9.19907,4.18589,-0.153566,3.3992,-14.5565,-0.0652498,-0.005422,-0.00165798,0.0149027
-45.8871,9.19907,4.24508,-0.241741,3.66385,-14.7259,-0.068228,-0.00762247,-0.00188086,0.0149656
-45.1861,9.19907,4.31425,-0.310987,3.77115,-14.6947,-0.0690106,-0.00815042,-0.0016379,0.0149433
-44.5069,9.19907,4.38024,-0.393253,3.9556,-14.7022,-0.0705915,-0.00769961,-0.00139925,0.0150141
-43.7618,9.19907,4.45147,-0.311974,3.90437,-14.5824,-0.069618,-0.00647158,-0.00142489,0.0150084
-42.9073,9.22396,4.53376,-0.29548,4.11726,-14.735,-0.0723502,-0.00862245,-0.00216782,0.0158793
-42.0108,9.22441,4.64126,-0.250322,4.09524,-14.8527,-0.0727425,-0.00881345,-0.00242145,0.0159832
-41.1119,9.22441,4.72215,-0.137667,3.83712,-14.8406,-0.0677922,-0.00499114,-0.00171434,0.0159224
-40.101,9.22396,4.78594,0.0464028,3.6455,-14.812,-0.0690793,1.76425e-05,-0.00150539,0.0160204
-38.9145,9.22352,4.86233,-0.111162,4.24484,-14.9985,-0.0767121,-0.00190181,-0.00141284,0.015949
-37.8837,9.24842,4.95006,-0.363109,4.343,-15.1085,-0.074805,-0.00737946,-0.00163496,0.0159074
-36.7648,9.24842,5.04042,-0.435492,4.12705,-14.885,-0.0733844,-0.00809558,-0.00118403,0.0159818
-35.7114,9.24842,5.12299,-0.355221,4.00086,-14.8065,-0.0707176,-0.00974026,-0.00199033,0.0159432
-34.572,9.24886,5.23464,-0.334368,3.64474,-14.7564,-0.0685113,-0.00981201,-0.00177143,0.0159545
-33.2144,9.24974,5.3842,-0.58782,3.87187,-14.8189,-0.0729237,-0.0125534,-0.00154716,0.0159269
-31.88,9.25108,5.55318,-0.808878,4.27617,-14.8857,-0.0753304,-0.0168097,-0.00198567,0.014995
-30.5887,9.25244,5.71541,-0.626499,3.89976,-14.7737,-0.0703018,-0.0162147,-0.0021549,0.0149768
-29.1885,9.25426,5.9059,-0.557428,3.76807,-14.8013,-0.0693936,-0.0159934,-0.00234474,0.015938
-27.6114,9.23121,6.10061,-0.482841,3.69399,-14.9208,-0.07098,-0.0145115,-0.00240449,0.0149562
-26.0552,9.20819,6.28871,-0.377488,3.52178,-14.9369,-0.0678779,-0.0107424,-0.00175332,0.0149573
-24.3881,9.18518,6.47738,-0.406405,3.62423,-14.9865,-0.0686723,-0.0114613,-0.00207979,0.0150069
-22.7212,9.18758,6.68706,-0.717786,4.0803,-15.3169,-0.0720234,-0.0174699,-0.00243726,0.0159196
-21.0752,9.19,6.88975,-0.523827,3.4221,-15.0706,-0.0656236,-0.0112382,-0.00123704,0.0149433
-19.4721,9.16757,7.08268,-0.642256,3.76243,-15.2965,-0.0684474,-0.0142695,-0.00143579,0.0149476
-17.7155,9.19596,7.33003,-0.742631,4.00841,-15.3693,-0.0691432,-0.0183907,-0.0024554,0.015953
-16.0464,9.20004,7.59058,-0.773365,3.90789,-15.4,-0.0677055,-0.0217833,-0.00298862,0.0159861
-14.3338,9.18091,7.9193,-0.911815,3.78974,-15.4957,-0.0653002,-0.0232546,-0.00250643,0.0159423
-12.6176,9.18574,8.19385,-0.750412,3.67144,-15.3805,-0.065457,-0.018658,-0.0019431,0.0159675
-10.8565,9.1669,8.51095,-0.572793,3.46249,-15.3723,-0.063132,-0.0181772,-0.00244182,0.0159363
-9.00468,9.12334,8.82102,-0.578933,3.55694,-15.3825,-0.0645935,-0.0202547,-0.00310087,0.0159818
-7.12881,9.10543,9.1511,-0.638141,3.57675,-15.4894,-0.063803,-0.0191676,-0.0027381,0.0159984
-5.33877,9.112,9.44972,-0.589525,3.57105,-15.4309,-0.0642835,-0.0174292,-0.00245164,0.0159427
-3.67931,9.06833,9.7113,-0.347642,3.45546,-15.2205,-0.0657407,-0.0133071,-0.00242937,0.0149925
-2.12872,9.07331,9.92071,-0.525715,4.01164,-15.3944,-0.0661332,-0.0182007,-0.00319317,0.0159525
-0.732175,9.05542,10.1976,-0.420435,3.5071,-15.2346,-0.0623666,-0.0161886,-0.00274749,0.0149137
0.732449,9.05997,10.3724,-0.455422,3.7146,-15.0837,-0.0642451,-0.0140333,-0.00237646,0.0149427
1.95391,9.03968,10.5415,-0.263086,3.39376,-15.1578,-0.0643981,-0.0107086,-0.00228339,0.0149536
3.57569,9.01812,10.6547,-0.1617,3.69741,-15.4018,-0.0660162,-0.00740407,-0.00205379,0.0149823
4.75452,9.02285,10.819,-0.405452,4.12694,-15.5604,-0.0700204,-0.0136506,-0.00300311,0.0159699
5.88912,9.02626,10.931,-0.00519669,3.57128,-15.0918,-0.062512,-0.0082826,-0.00300702,0.0159341
7.02426,9.00482,11.0381,0.126893,3.59104,-15.0319,-0.0656891,-0.00564966,-0.00301386,0.0159708
8.15952,8.98271,11.1175,0.109552,3.44962,-14.9188,-0.0651061,-0.00583905,-0.00275258,0.0159317
9.51861,8.98693,11.2417,-0.174316,3.82356,-14.6985,-0.0645033,-0.00848269,-0.00238348,0.0159959
10.6782,8.9663,11.3644,-0.0668132,3.54613,-14.5247,-0.063611,-0.00885339,-0.00284901,0.0159359
11.838,8.96989,11.4614,0.0426086,3.61415,-14.5061,-0.0646608,-0.00839115,-0.0033606,0.016545
12.7979,8.94863,11.559,0.121263,3.54857,-14.2492,-0.0624296,-0.00723325,-0.00337546,0.014454
13.4913,8.95229,11.6644,-0.00575244,3.49468,-13.957,-0.0597023,-0.0106126,-0.00367853,0.0158774
13.9609,8.95451,11.7256,0.0962106,3.24922,-13.6477,-0.0554152,-0.0082236,-0.00332635,0.0159739
14.3408,8.9311,11.762,0.230228,2.97571,-13.2144,-0.0515137,-0.00463348,-0.00297629,0.0149306
14.6978,8.93184,11.7759,0.478581,2.91602,-12.5378,-0.0524486,0.00177543,-0.00281996,0.0159486
15.0317,8.93184,11.7654,0.633129,2.7277,-11.535,-0.0486267,0.00653758,-0.00250468,0.0159986
15.2543,8.93184,11.7582,0.663799,2.43163,-10.1752,-0.0432795,0.00826148,-0.00229859,0.0159211
15.3442,8.93258,11.7802,0.678674,1.98637,-8.4851,-0.0345605,0.0104047,-0.00183078,0.0159823
15.232,8.93184,11.7589,0.772485,1.3653,-6.45819,-0.0218821,0.0147768,-0.0013344,0.015997
14.8981,8.93184,11.7696,0.865951,0.377898,-4.49499,-0.000694007,0.0192465,-0.000751917,0.0159241
14.5634,8.9311,11.7552,0.652692,-0.125287,-2.91147,0.00965721,0.0150737,0.000342376,0.0159768
14.2014,8.99987,11.5727,0.422544,0.000148311,-1.82437,0.00596441,0.0105919,-8.93406e-06,0.0159727
13.6803,9.09004,11.2718,0.263199,0.101315,-1.11872,0.00354899,0.00748679,-0.000142751,0.0159189
12.9533,9.29801,10.7367,0.0583653,0.175786,-0.50425,0.00170247,0.00394096,-0.000230407,0.0149843
12.0482,9.65348,10.1174,-0.106463,0.204424,-0.141789,0.000991288,0.00128558,-0.000310435,0.0159502
10.789,10.4551,9.41579,-0.156294,0.259257,0.0172892,0.000176067,0.000278886,-0.000351708,0.0159312
9.37462,11.8503,8.50938,-0.151892,0.253864,0.00834653,9.63123e-05,0.000323297,-0.000356714,0.0150935
7.8521,13.6425,7.40077,-0.149754,0.255126,-0.018889,0.000134607,0.000365732,-0.000365714,0.0157936
6.2927,15.4139,6.27875,-0.160355,0.254418,-0.0325553,0.000208247,0.000203094,-0.000344585,0.0159868
4.45497,17.1887,5.09729,-0.161158,0.251328,-0.0304931,0.000237002,0.00025208,-0.000350531,0.0159596
2.4082,18.7943,3.99178,-0.149762,0.255311,-0.0333131,0.000218518,0.00034069,-0.000350962,0.0159403
-0.130993,20.3524,2.7188,-0.137595,0.261008,-0.0469772,0.000150885,0.000413412,-0.000350294,0.0149488
-2.04775,21.2184,1.71536,-0.145335,0.252722,-0.0431219,0.000229808,0.000330724,-0.000345932,0.0159625
-4.60666,22.0116,0.54222,-0.147714,0.256507,-0.0380271,0.00019197,0.000324502,-0.000345517,0.0149803
-7.15382,22.5586,-0.559941,-0.16273,0.258214,-0.0299278,0.000177603,0.000200759,-0.000344156,0.0149656
-9.65011,22.9582,-1.45909,-0.175595,0.259944,-0.0301714,0.000163781,7.19765e-05,-0.000328095,0.0159482
-12.6143,23.2345,-2.29173,-0.158573,0.26446,-0.0382733,7.39932e-05,0.000242811,-0.000333637,0.0159687
-15.8314,23.2869,-3.01454,-0.155174,0.273006,-0.0244631,7.57332e-05,0.000238478,-0.000323786,0.0159382
-18.6594,23.2391,-3.5495,-0.155349,0.278029,-0.0170339,3.10387e-05,0.00022662,-0.00033272,0.0159657
-21.7836,23.1418,-4.09409,-0.141525,0.280795,-0.0187739,-1.5642e-05,0.000376569,-0.000324428,0.0159473
-24.368,23.0442,-4.55614,-0.143132,0.28374,-0.025817,-4.39378e-05,0.000302963,-0.000332261,0.0159846
-27.0333,22.8222,-5.04463,-0.161087,0.276026,-0.0254746,4.8467e-05,0.000198578,-0.000332357,0.0159595
-29.5958,22.4744,-5.39902,-0.157635,0.278077,-0.0241309,3.95984e-05,0.000228394,-0.000318254,0.0159765
-32.0568,22.1007,-5.63736,-0.143957,0.283369,-0.0158332,-6.94825e-06,0.000314721,-0.000314055,0.0159273
-34.3482,21.6767,-5.82927,-0.138053,0.282943,-0.0134553,-1.12741e-05,0.000381886,-0.000295966,0.015983
-36.463,21.2282,-6.07052,-0.148314,0.278187,-0.0235013,-2.13238e-06,0.00035497,-0.000319596,0.0159662
-38.4731,20.7045,-6.2675,-0.160786,0.265877,-0.0256818,0.000121512,0.000175131,-0.000328663,0.0160038
-40.3261,20.1047,-6.28892,-0.160944,0.26714,-0.0328165,0.000130051,0.000151885,-0.000323234,0.0158942
-42.3059,19.2289,-6.12151,-0.157415,0.266433,-0.0321182,7.131e-05,0.000242894,-0.000333675,0.0149756
-44.6576,17.953,-5.72504,-0.15385,0.26719,-0.0248408,4.71125e-05,0.000292441,-0.000324871,0.0159093
-46.0979,17.078,-5.39926,-0.150604,0.279397,-0.0150958,1.81494e-05,0.000312648,-0.000343183,0.0160445
-47.8572,15.904,-4.95774,-0.142809,0.286591,-0.00611395,-1.59521e-05,0.000314571,-0.000323591,0.0148986
-49.4006,14.8311,-4.54521,-0.142669,0.283971,0.00354277,-8.03293e-05,0.000358983,-0.000319721,0.0159324
-50.6342,14.0333,-4.21103,-0.148301,0.285948,0.00479937,-1.30415e-05,0.000312072,-0.00033366,0.0159847
-51.6742,13.3607,-3.87514,-0.145066,0.28919,-0.00222261,-4.05767e-05,0.000327485,-0.000314052,0.0159086
-52.4876,12.8629,-3.62871,-0.146126,0.287304,-0.01091,-9.92138e-06,0.000342201,-0.000314246,0.0159703
-53.1245,12.4401,-3.40805,-0.147237,0.277428,-0.0213789,6.23957e-06,0.000333014,-0.000343278,0.0159558
-53.6019,11.9675,-3.24906,-0.156247,0.277514,-0.0171904,4.1979e-05,0.00027949,-0.000328772,0.0159915
-53.9262,11.5448,-3.09406,-0.150451,0.278261,-0.0100918,5.08615e-05,0.000303296,-0.000334043,0.015923
-54.1831,11.1222,-2.95676,-0.145936,0.275712,-0.0136562,2.10401e-05,0.0003248,-0.000315192,0.0159453
-54.2772,10.6993,-2.90113,-0.151552,0.269936,-0.0258791,9.02129e-05,0.000284636,-0.000315159,0.0159695
-54.3272,10.1768,-2.84874,-0.150748,0.279426,-0.349558,-6.8231e-05,0.000539912,-0.000331844,0.0160001
-54.3171,9.82883,-2.75026,-0.169804,0.344568,-0.957287,-0.00130069,-0.000196153,-0.000327041,0.0149542
-54.1926,9.72947,-2.69328,-0.181862,0.405272,-1.17509,-0.00266001,-0.000211668,-0.000304698,0.0159322
-54.1117,9.67991,-2.63744,-0.244114,0.42278,-1.34199,-0.00315637,-0.00154675,-0.000238559,0.0160051
-54.0524,9.63036,-2.58419,-0.2797,0.452613,-1.50684,-0.00371725,-0.00250611,-0.000265928,0.0159356
-53.9683,9.55579,-2.55522,-0.311706,0.480679,-1.83957,-0.00447357,-0.00302316,-0.000210381,0.0160139
-53.8629,9.50612,-2.52168,-0.296966,0.598495,-2.44942,-0.00714317,-0.00262472,-0.000211834,0.0158397
-53.7572,9.43156,-2.49022,-0.269248,0.750244,-3.21893,-0.0106862,-0.00191123,-0.000202635,0.016065
-53.649,9.40667,-2.47951,-0.310281,0.914432,-4.08032,-0.0146316,-0.00281235,-0.000161095,0.0158748
-53.5438,9.3819,-2.44402,-0.384343,1.002,-4.88404,-0.0165818,-0.00441645,-0.000131351,0.0149663
-53.4787,9.35701,-2.43844,-0.481477,1.12083,-5.75986,-0.019362,-0.00670133,-0.000158502,0.0159489
-53.3519,9.33224,-2.40047,-0.592137,1.37938,-6.99231,-0.0253789,-0.00926583,-0.000212349,0.0159928
-53.1605,9.33236,-2.35291,-0.703667,1.70681,-8.26431,-0.0322994,-0.0115266,-0.000237955,0.0159535
-52.9227,9.30747,-2.32726,-0.734958,1.99909,-9.28146,-0.0385839,-0.0120518,-0.000179193,0.0159959
-52.6881,9.3076,-2.27487,-0.781548,2.12937,-9.9684,-0.0403863,-0.0128198,-0.00026145,0.0159182
-52.3668,9.28283,-2.2147,-0.83645,2.34434,-10.3625,-0.0437263,-0.0137476,-0.000280226,0.0149647
-52.0269,9.28309,-2.12543,-0.954096,2.45603,-10.7505,-0.04445,-0.0156673,-0.000263611,0.0159637
-51.5328,9.28322,-2.04408,-0.899121,2.77265,-11.4597,-0.0489887,-0.0132259,-4.86649e-05,0.0159186
-50.9333,9.28349,-1.92634,-1.03374,3.09957,-12.2329,-0.0542244,-0.015191,-0.000160556,0.0159866
-50.2258,9.30866,-1.79541,-1.19412,3.34321,-12.8131,-0.0586086,-0.0177142,-1.50725e-05,0.0159395
-49.4366,9.30922,-1.60858,-1.2613,3.22284,-13.2685,-0.0571746,-0.0188654,0.000231658,0.0159429
-48.5172,9.3098,-1.40927,-1.37974,3.67063,-13.8831,-0.065226,-0.022419,-0.000285758,0.0159874
-47.6622,9.3353,-1.21655,-1.35985,3.80278,-14.4071,-0.0662356,-0.0238809,-0.000735162,0.0159361
-46.6982,9.33593,-1.01639,-1.30061,3.55794,-14.5888,-0.0643876,-0.020797,-0.0001212,0.0159295
-45.6903,9.33658,-0.813927,-1.34861,3.83895,-14.8744,-0.0707894,-0.0206444,0.000125976,0.0159689
-44.6384,9.33725,-0.609452,-1.21378,3.70136,-15.1898,-0.0689407,-0.020062,-3.30899e-05,0.0159654
-43.4146,9.33812,-0.366018,-1.1823,3.94286,-15.654,-0.0712414,-0.020905,-0.000765393,0.015939
-42.2115,9.33902,-0.127868,-1.1387,3.78969,-16.0293,-0.0709404,-0.0198061,-0.000466419,0.0150497
-40.9444,9.31526,0.135774,-1.1457,3.71149,-16.1521,-0.071485,-0.0224776,-0.000830421,0.0158803
-39.483,9.31664,0.439747,-1.38224,4.02081,-16.2965,-0.0765303,-0.023228,-0.000113266,0.0159774
-37.9529,9.34277,0.721619,-1.70171,4.80171,-16.7148,-0.0848878,-0.0275022,-0.000531129,0.015949
-36.619,9.34428,1.00562,-1.61651,4.3679,-16.834,-0.0769446,-0.0290728,-0.00105099,0.0149701
-35.3472,9.37051,1.25785,-1.61562,4.30702,-16.7792,-0.0765333,-0.0282552,-0.000482506,0.0150019
-34.1015,9.37262,1.5776,-1.74622,4.31688,-17.0367,-0.0775571,-0.034228,-0.00142981,0.0158898
-32.8743,9.37458,1.86749,-1.56347,3.92702,-17.0766,-0.073281,-0.0310705,-0.000995925,0.0159522
-31.6005,9.37637,2.13218,-1.52116,4.12791,-17.2963,-0.0761244,-0.0292773,-0.0012555,0.0159789
-30.1961,9.3785,2.42688,-1.65909,4.1802,-17.4554,-0.0775971,-0.0304068,-0.000419041,0.0159622
-28.8978,9.35554,2.68345,-1.49282,3.91878,-17.3294,-0.0746926,-0.0265504,-0.000162169,0.0159781
-27.4687,9.35783,2.97118,-1.42478,4.04288,-17.3753,-0.0742474,-0.0264048,-0.000703364,0.015949
-26.1256,9.36021,3.24952,-1.5126,4.12635,-17.7047,-0.0733451,-0.0313382,-0.00174499,0.0160018
-24.6305,9.33842,3.57997,-1.31685,3.62914,-17.7168,-0.0713224,-0.0272857,-0.000879812,0.0148825
-23.1981,9.34132,3.87937,-1.45205,3.96412,-17.9115,-0.0744943,-0.0288709,-0.0010168,0.015966
-21.742,9.31945,4.17329,-1.43249,3.95422,-17.8335,-0.0720275,-0.0266735,-0.000696834,0.0159848
-20.2844,9.32257,4.46466,-1.32255,3.89827,-17.9063,-0.07309,-0.0258,-0.000941431,0.0159553
-18.9128,9.30091,4.74579,-1.27246,4.28064,-18.1906,-0.0733675,-0.0314711,-0.00282751,0.0159525
-17.411,9.3303,5.1068,-1.43421,4.73205,-18.5335,-0.075164,-0.0326145,-0.00302244,0.0149433
-16.3435,9.3089,5.36862,-1.21391,4.30396,-18.5173,-0.0734153,-0.0293238,-0.00245856,0.0149593
-14.9234,9.33739,5.64356,-0.820942,4.15387,-18.4805,-0.0739127,-0.019682,-0.00222301,0.0159466
-13.5457,9.31622,5.90873,-0.821542,4.0802,-18.536,-0.07499,-0.0178249,-0.00148083,0.0159845
-11.9246,9.29515,6.17608,-0.957077,4.50849,-18.8826,-0.0789125,-0.0203673,-0.00193297,0.015948
-10.6087,9.27331,6.38087,-0.658626,3.90853,-18.7562,-0.0730937,-0.0164441,-0.0017669,0.0159888
-9.02909,9.27778,6.66411,-0.696773,3.96128,-18.4726,-0.07367,-0.0170151,-0.0017586,0.0149723
-7.79929,9.25657,6.88417,-0.904363,4.22322,-18.3738,-0.0728338,-0.0231706,-0.00241477,0.0149195
-6.59082,9.26081,7.12769,-0.797384,4.10688,-18.3044,-0.0699249,-0.0229852,-0.00262661,0.0159614
-5.33671,9.23978,7.34152,-0.742956,4.21759,-18.5021,-0.0737447,-0.0226072,-0.00288611,0.0149577
-4.08173,9.24424,7.57901,-0.712502,3.82805,-18.5288,-0.0690977,-0.0211719,-0.00261457,0.0159676
-2.78134,9.22391,7.8113,-1.03952,4.39866,-18.5535,-0.0747534,-0.0255446,-0.00276399,0.0159671
-1.78887,9.22858,8.04093,-0.818241,4.06635,-18.4626,-0.0679485,-0.0233432,-0.00288226,0.0149724
-0.92781,9.20633,8.16623,-0.58843,3.67917,-18.1435,-0.0682275,-0.0166855,-0.00192254,0.0149083
0.0662971,9.21009,8.34195,-0.661054,3.91725,-18.1671,-0.0711116,-0.0195927,-0.00231153,0.0159369
1.21596,9.18958,8.53807,-0.696434,3.96035,-18.2564,-0.0683971,-0.021576,-0.00275401,0.0159948
1.92405,9.19292,8.68551,-0.774139,3.98125,-18.3199,-0.0685607,-0.0236476,-0.00298845,0.0159778
2.74318,9.17141,8.82917,-0.654542,3.8494,-18.3013,-0.0676188,-0.0230384,-0.00305654,0.0159329
3.60729,9.17543,8.99808,-0.533116,3.8964,-18.3904,-0.0682878,-0.021787,-0.00346386,0.0159626
4.51629,9.15462,9.16289,-0.558087,4.06031,-18.4342,-0.0710183,-0.0216357,-0.00333852,0.0159911
5.44783,9.15818,9.30278,-0.767356,4.4559,-18.3986,-0.0745282,-0.0225994,-0.00309642,0.0149422
6.1141,9.13689,9.44228,-0.60408,3.85865,-18.088,-0.0664811,-0.0181682,-0.00241594,0.0159294
6.93591,9.14054,9.58062,-0.706262,3.95281,-17.8924,-0.0703982,-0.0220978,-0.00287584,0.0159285
7.84685,9.11935,9.71396,-0.320123,3.75209,-17.7571,-0.0675156,-0.0175795,-0.00311406,0.0150607
8.89183,9.09883,9.86797,-0.238577,3.96237,-17.4007,-0.0702476,-0.0162367,-0.00345265,0.0149066
9.80447,9.07839,10.0225,-0.13698,3.79709,-17.0022,-0.0682688,-0.0147307,-0.00353352,0.0159348
10.7177,9.05801,10.1751,-0.34769,3.89585,-16.776,-0.0686593,-0.015019,-0.00312087,0.0149745
11.5423,9.06193,10.3054,-0.496212,3.77015,-16.5908,-0.0658692,-0.0164608,-0.00278202,0.0149608
12.1669,9.06524,10.4144,-0.446352,3.62006,-16.1301,-0.0623892,-0.01632,-0.00287859,0.0159598
12.6364,9.04369,10.5248,-0.446199,3.41744,-15.4208,-0.0581584,-0.018162,-0.00334958,0.016068
12.9042,9.04503,10.5674,-0.338922,3.17241,-14.6556,-0.0535813,-0.0154379,-0.00297935,0.0158714
13.0159,9.04571,10.5893,-0.16734,2.96951,-13.7153,-0.0497896,-0.010487,-0.00258419,0.0159752
12.9937,9.04571,10.5899,0.173154,2.61609,-12.2524,-0.0434391,-0.00172605,-0.00213502,0.015947
12.882,9.04503,10.568,0.359957,2.13884,-10.4281,-0.0345534,0.00388265,-0.00179158,0.0149425
12.7265,9.04503,10.5723,0.532433,1.67001,-8.62625,-0.0257224,0.00923761,-0.00180906,0.0159312
12.5482,9.04436,10.5521,0.698747,1.12298,-6.62126,-0.0149329,0.0145264,-0.0015005,0.0150027
12.3928,9.01947,10.5542,0.80499,0.695765,-4.82622,-0.00639169,0.0184679,-0.000800104,0.0159595
12.3262,9.04436,10.558,0.706433,0.424638,-3.11577,-0.00135283,0.0175407,-0.000105171,0.015976
12.2596,9.06925,10.5619,0.33168,0.209779,-1.98316,0.00282037,0.00994686,-1.46149e-05,0.0159228
12.1716,9.11971,10.5933,0.00153212,0.0958215,-1.28297,0.00479137,0.002894,-0.000114495,0.0159522
11.9718,9.16949,10.6026,-0.147339,0.104307,-0.802905,0.00375384,8.49688e-05,-0.0002687,0.0159658
11.5063,9.26973,10.6476,-0.139853,0.163654,-0.412888,0.00225745,0.000449637,-0.000294693,0.0159512
10.9731,9.44329,10.6499,-0.147655,0.241475,-0.110475,0.000699028,0.000437578,-0.000357717,0.015944
10.3017,9.98362,10.4354,-0.146009,0.269115,0.00726194,0.000127484,0.000444041,-0.000337859,0.0159425
9.69238,10.8159,9.96729,-0.153261,0.267549,0.00416008,0.000133024,0.000298355,-0.00034084,0.0159614
9.03512,11.9912,9.25,-0.161225,0.259057,-0.00549444,0.000152068,0.000246344,-0.000336018,0.014974
8.31227,13.2662,8.46232,-0.161441,0.25887,-0.0205405,0.000180243,0.000224357,-0.000363809,0.0149177
7.56999,14.4441,7.68801,-0.163954,0.257342,-0.0166851,0.000130271,0.000169624,-0.00036791,0.0159848
6.58522,15.9194,6.7336,-0.157254,0.266482,-0.0176375,8.98317e-05,0.000229429,-0.000348457,0.0149643
5.75994,17.1755,5.90548,-0.168387,0.257453,-0.017642,0.000152437,0.000168072,-0.000353746,0.0159358
4.73912,18.5819,4.98384,-0.166932,0.251998,-0.0211442,0.000233884,0.000171267,-0.000326068,0.0149685
3.63625,19.8436,4.24713,-0.174888,0.242167,-0.0287626,0.000318757,6.7424e-05,-0.000354423,0.0159765
2.16554,21.033,3.60177,-0.166567,0.240497,-0.0343038,0.000355045,0.00017964,-0.00035593,0.0149439
0.546297,21.976,3.13499,-0.161298,0.247282,-0.0405338,0.000234111,0.00023512,-0.000364536,0.0159502
-1.3972,22.7205,2.69906,-0.15801,0.259697,-0.0287036,0.000165151,0.000270643,-0.000325838,0.0149759
-3.33763,23.2417,2.34198,-0.152705,0.265158,-0.0279752,0.000109386,0.00026604,-0.00036771,0.0159678
-5.29681,23.6635,1.97077,-0.145805,0.279697,-0.0149911,3.22798e-05,0.000377917,-0.000315508,0.0159168
-7.29523,24.0852,1.5152,-0.148173,0.271733,-0.0178023,5.8942e-05,0.00030393,-0.000343892,0.0149695
-9.02868,24.4575,1.05331,-0.164192,0.261236,-0.0307799,0.00011524,0.000170016,-0.000338348,0.0159679
-10.9125,24.7307,0.651023,-0.159636,0.265071,-0.0387821,0.000125627,0.000236722,-0.000367053,0.0159913
-12.8622,24.7551,0.37673,-0.158387,0.268521,-0.0222595,0.000109842,0.000231179,-0.000333948,0.0149638
-14.8112,24.6798,0.139203,-0.15516,0.2794,-0.0161387,4.63663e-05,0.00027633,-0.000342867,0.0149704
-16.4139,24.6298,-0.0179325,-0.152964,0.276733,-0.00623606,8.8918e-07,0.000248564,-0.000338146,0.0149296
-18.0365,24.6295,-0.204057,-0.151769,0.272269,-0.00856122,-1.28961e-05,0.000258776,-0.000319508,0.0159644
-19.7233,24.7292,-0.393871,-0.149444,0.27506,-0.0108235,5.08731e-05,0.000246494,-0.000309793,0.0159213
-21.1282,24.8039,-0.553065,-0.152814,0.270406,-0.0124459,6.43387e-05,0.000229033,-0.000333833,0.01599
-22.5554,24.9286,-0.690303,-0.157275,0.269115,-0.00860569,4.36113e-05,0.000232782,-0.000324595,0.0159484
-23.94,25.0782,-0.80362,-0.148183,0.267857,-0.0163814,4.16507e-05,0.000285578,-0.000329728,0.0159687
-25.2806,25.178,-0.921161,-0.151569,0.2685,-0.0202243,0.000101078,0.000257625,-0.00034852,0.0159629
-26.6019,25.2528,-0.992713,-0.159493,0.265313,-0.0184115,0.000110073,0.000203058,-0.000324553,0.0159118
-27.9259,25.2778,-1.02061,-0.161558,0.266781,-0.0184062,0.000153458,0.000226056,-0.000320216,0.0159824
-29.2562,25.228,-0.956197,-0.155943,0.267325,-0.0163769,0.000128224,0.000248058,-0.000339355,0.0150655
-30.5219,25.1284,-0.893701,-0.144419,0.270113,-0.0266192,0.000117185,0.000383814,-0.000330741,0.014856
-31.851,24.9041,-0.870193,-0.137921,0.269965,-0.0289759,8.08138e-05,0.000349284,-0.000329935,0.0149481
-32.915,24.6298,-0.909014,-0.144557,0.271326,-0.0152832,8.21487e-05,0.00033688,-0.000325534,0.0149725
-34.0831,24.2555,-1.01332,-0.146919,0.269877,-0.0128304,3.98373e-05,0.000324691,-0.000330168,0.0159851
-35.2685,23.8314,-1.17492,-0.150414,0.275774,-0.0110425,6.25824e-05,0.00028763,-0.000315083,0.0159557
-36.3451,23.4072,-1.33136,-0.150593,0.275606,-0.0148269,4.86262e-05,0.000265591,-0.000328845,0.0161263
-37.3756,22.9332,-1.51469,-0.148157,0.275762,-0.012355,4.86766e-05,0.000305975,-0.00031517,0.0148056
-38.2757,22.4841,-1.68859,-0.150466,0.269107,-0.017682,5.01536e-05,0.000283133,-0.000339102,0.0149335
-38.9163,22.1099,-1.83839,-0.155035,0.272986,-0.0136027,2.03205e-05,0.000285823,-0.000324556,0.0159352
-39.6425,21.6609,-2.00104,-0.157281,0.276976,-0.00226317,7.02693e-05,0.000225441,-0.000324144,0.0159746
-40.2867,21.2868,-2.10368,-0.162946,0.265842,-0.00727832,7.20446e-05,0.000176602,-0.000329203,0.0159348
-40.8706,20.9876,-2.1477,-0.156099,0.267201,-0.0137918,9.32097e-05,0.000221865,-0.000338942,0.0149667
-41.3969,20.7633,-2.10785,-0.151613,0.271164,-0.0172975,8.28726e-05,0.000252882,-0.000324449,0.01496
-41.856,20.4891,-2.0905,-0.145796,0.275809,-0.0176465,8.31368e-05,0.000335022,-0.000329752,0.0159781
-42.2692,20.14,-2.09902,-0.140176,0.273828,-0.0176487,1.55937e-05,0.000374053,-0.000315761,0.015951
-42.5672,19.766,-2.17415,-0.150441,0.270475,-0.0237636,7.28876e-05,0.000298065,-0.000334282,0.0159644
-42.8383,19.2922,-2.3035,-0.148069,0.27198,-0.0233646,6.77212e-05,0.000330321,-0.000301238,0.0159629
-43.0869,18.6938,-2.43913,-0.156354,0.274846,-0.0184496,5.94792e-05,0.000229437,-0.000337928,0.0149364
-43.2511,18.0705,-2.54417,-0.156228,0.273665,-0.0122214,7.1523e-05,0.000224559,-0.000328791,0.0159745
-43.3743,17.4224,-2.62273,-0.151388,0.27129,-0.0125766,9.66627e-05,0.000290687,-0.0003252,0.0159502
-43.4758,16.7743,-2.70019,-0.151454,0.262122,-0.0250478,0.000103301,0.0002669,-0.000330051,0.0149277
-43.5554,16.1014,-2.77819,-0.153709,0.263451,-0.0262878,0.000152633,0.000239744,-0.000339318,0.0161394
-43.7265,15.1546,-2.80987,-0.15367,0.267405,-0.0211466,0.000128725,0.000265917,-0.000325096,0.0158888
-43.8983,14.3324,-2.83466,-0.14708,0.271117,-0.0226241,7.57121e-05,0.000293357,-0.000338938,0.0158591
-44.0279,13.336,-2.84474,-0.152469,0.272037,-0.0122321,8.10991e-05,0.000308756,-0.000301532,0.0149635
-44.1144,12.3647,-2.85095,-0.152734,0.274399,-0.0149099,9.58873e-05,0.000254405,-0.000333847,0.015958
-44.157,11.3189,-2.86085,-0.159628,0.269025,-0.0249131,0.000106977,0.000219126,-0.000352648,0.0159375
-44.2068,10.2982,-2.79657,-0.166472,0.250588,-0.403478,0.000629131,1.58893e-05,-0.000310477,0.0149779
-44.2162,9.65124,-2.69975,-0.206326,0.310096,-1.42938,0.000175131,-0.00103182,-0.000341584,0.0149711
-44.024,9.60151,-2.66011,-0.180228,0.497523,-1.54505,-0.00438603,-0.000504152,-0.000214921,0.015995
-43.9613,9.55177,-2.63305,-0.320684,0.468776,-1.91355,-0.00352448,-0.00387308,-0.000311943,0.0149624
-43.9873,9.5021,-2.58949,-0.393027,0.327592,-2.48109,-5.70621e-06,-0.00554267,-0.00033343,0.0149551
-44.0325,9.45237,-2.57289,-0.409096,0.283062,-3.32756,0.00149352,-0.00573043,-0.000318061,0.0149598
-44.0779,9.42754,-2.55426,-0.414749,0.216489,-4.27549,0.00353336,-0.00569452,-0.000320641,0.0159361
-44.1208,9.40265,-2.56049,-0.500643,0.169722,-5.12864,0.00514378,-0.00759538,-0.000345959,0.0159203
-44.1422,9.37776,-2.56463,-0.517311,0.225008,-5.99693,0.00423546,-0.00770256,-0.000308014,0.0159581
-44.1206,9.37776,-2.56253,-0.504703,0.30732,-6.98606,0.00293648,-0.00725657,-0.000243477,0.0161025
-44.0988,9.35286,-2.56248,-0.528443,0.401416,-8.12899,0.00155395,-0.00755091,-0.000166437,0.0158595
-44.0581,9.35292,-2.53344,-0.695335,0.504181,-9.39465,-8.98631e-05,-0.011124,-0.000145294,0.0159687
-44.0173,9.35299,-2.5044,-1.05476,0.572572,-10.6119,-0.000801106,-0.019051,-0.00026508,0.0149182
-44.0221,9.35312,-2.45467,-1.30845,0.601602,-11.3686,-0.00101489,-0.0246618,-0.000358785,0.0159488
-43.979,9.35312,-2.4505,-1.40771,0.767073,-11.8505,-0.00457387,-0.026869,-0.000171068,0.0160072
-43.9142,9.35312,-2.44424,-1.41021,1.05022,-12.2437,-0.0106292,-0.0267684,3.72934e-05,0.0159842
-43.7847,9.35312,-2.43175,-1.45148,1.39993,-12.5929,-0.0180996,-0.0278083,0.000358055,0.0149305
-43.6552,9.35312,-2.4193,-1.54521,1.78109,-13.0108,-0.0262625,-0.0299,0.000326042,0.0159208
-43.5472,9.35312,-2.40895,-1.60153,2.04665,-13.4524,-0.0319622,-0.0311071,0.000168921,0.0159506
-43.4824,9.35312,-2.40275,-1.56499,2.15456,-13.8812,-0.0342805,-0.0302098,4.1448e-05,0.0159499
-43.4824,9.35312,-2.40275,-1.53736,2.1571,-14.1915,-0.034345,-0.0294776,-5.42467e-05,0.0159317
-43.4824,9.35312,-2.40275,-1.55411,2.14892,-14.3526,-0.0341929,-0.0296795,-8.00174e-05,0.0160143
-43.4393,9.35312,-2.39862,-1.61529,2.30303,-14.5238,-0.037399,-0.0311412,0.000215613,0.0159434
-43.3097,9.35312,-2.38627,-1.72082,2.64498,-14.6864,-0.0443769,-0.0335274,0.000233086,0.0159518
-43.1178,9.35319,-2.34294,-1.84702,3.10253,-14.9471,-0.0537608,-0.0361526,-0.000364873,0.0159716
-42.9258,9.35326,-2.2997,-1.93116,3.39099,-15.1722,-0.0574696,-0.038199,-0.0014608,0.0149681
-42.777,9.35333,-2.26059,-1.89159,3.46422,-15.2696,-0.0570439,-0.0379801,-0.00176823,0.0159825
-42.5873,9.35347,-2.19262,-1.84287,3.44301,-15.2519,-0.0555781,-0.0380816,-0.00221929,0.015943
-42.3159,9.37867,-2.0649,-1.74397,3.35259,-15.1714,-0.0543273,-0.0378231,-0.00240211,0.0159758
-41.8495,9.3541,-1.92351,-1.55959,2.99335,-15.06,-0.0502066,-0.0323214,-0.000826945,0.0149594
-41.2318,9.35445,-1.76683,-1.58165,3.15034,-15.1552,-0.0575265,-0.0288447,-0.000447773,0.0159447
-40.3779,9.35492,-1.56496,-1.60129,3.40647,-15.278,-0.0640848,-0.0256056,0.000559288,0.0159125
-39.4391,9.35553,-1.33231,-1.54894,3.3451,-15.2197,-0.0630354,-0.0255186,-0.000173297,0.0149709
-38.4799,9.3563,-1.07488,-1.40685,3.15729,-15.1746,-0.0596661,-0.0263937,-0.00076915,0.0149278
-37.5217,9.33236,-0.796628,-1.46613,3.21758,-15.2063,-0.0596544,-0.0281867,-0.000734474,0.0149544
-36.4089,9.33327,-0.531112,-1.72496,3.51027,-15.3638,-0.0639754,-0.0273645,0.000294412,0.0159485
-35.2969,9.3344,-0.243407,-1.85378,3.64883,-15.4756,-0.066906,-0.0277038,0.000426465,0.0159642
-34.2019,9.3602,-0.00779736,-1.9713,3.8751,-15.5404,-0.0688059,-0.0304681,0.000377417,0.0159422
-33.2615,9.38636,0.263983,-2.10335,3.91056,-15.5082,-0.0682471,-0.0343796,-8.72463e-05,0.0160113
-32.3383,9.38738,0.480412,-1.78308,3.37392,-15.3994,-0.0598167,-0.0306849,-0.00017726,0.0159334
-31.2872,9.38881,0.753744,-1.49457,3.21858,-15.4339,-0.0599502,-0.0255978,1.74353e-05,0.0159708
-30.1915,9.36543,1.02548,-1.57922,3.41362,-15.7388,-0.0659608,-0.0272301,0.000135303,0.0159585
-28.8351,9.36724,1.33807,-1.58228,3.75961,-15.7837,-0.0637693,-0.0280015,-0.000763089,0.0159314
-27.7153,9.39384,1.60935,-1.35823,3.48697,-15.615,-0.0609488,-0.0261761,-0.00111373,0.014954
-26.4227,9.3712,1.93373,-1.39551,3.57108,-15.636,-0.0613548,-0.0258083,-0.00092707,0.0149965
-25.2566,9.3731,2.19946,-1.25483,3.33361,-15.7204,-0.0595925,-0.0235526,-0.00089854,0.0159326
-23.6145,9.37611,2.58691,-1.22396,3.36712,-15.9236,-0.0598246,-0.0242494,-0.000975992,0.0149682
-22.426,9.35388,2.8944,-1.27298,3.30024,-16.0194,-0.0606931,-0.0269192,-0.0010915,0.0159482
-20.8013,9.33236,3.26868,-1.08332,3.17831,-15.8149,-0.0616127,-0.0234825,-0.000835881,0.0159736
-19.1086,9.33593,3.64199,-1.31239,3.75753,-16.115,-0.064526,-0.0251394,-0.00103671,0.0159379
-17.5448,9.33969,4.0041,-1.42417,3.98954,-16.2178,-0.0664749,-0.0259833,-0.00125111,0.0159647
-16.0656,9.36821,4.33495,-1.35477,3.8585,-16.0699,-0.0637178,-0.0273602,-0.001694,0.015968
-14.6518,9.37271,4.70684,-0.994892,3.24005,-15.8934,-0.0575497,-0.023971,-0.00186835,0.0149483
-13.3001,9.3518,5.02052,-0.984643,3.32062,-15.884,-0.0624057,-0.0228727,-0.00181557,0.015029
-11.8589,9.33106,5.33249,-1.11791,3.54837,-15.9445,-0.0637457,-0.0222346,-0.00102807,0.0158755
-10.3506,9.33578,5.66847,-0.91276,3.30446,-15.7682,-0.059664,-0.0205146,-0.00161967,0.0159735
-8.8846,9.31622,6.02159,-0.904359,3.27442,-15.5527,-0.0584472,-0.022095,-0.00202145,0.0159414
-7.34965,9.29601,6.32117,-0.811253,3.5652,-15.4874,-0.0594812,-0.0205967,-0.00243691,0.0159711
-5.96725,9.27642,6.63868,-0.646243,3.22951,-15.3322,-0.0569579,-0.0173623,-0.00192146,0.015008
-4.56052,9.281,6.90439,-0.586179,3.17144,-15.1854,-0.0563038,-0.0138543,-0.00154934,0.0148966
-3.21851,9.26129,7.18828,-0.717002,3.52141,-15.2605,-0.0615888,-0.0195945,-0.00250824,0.0159646
-1.72051,9.26664,7.47095,-0.543132,3.25241,-15.0813,-0.0558955,-0.015427,-0.00217833,0.0149681
-0.573778,9.24625,7.69647,-0.59369,3.23228,-14.8122,-0.0586797,-0.0168539,-0.00199651,0.0149575
0.529895,9.22597,7.9192,-0.582631,3.16992,-14.4893,-0.0538661,-0.0172527,-0.00239331,0.0159501
1.76726,9.23122,8.16587,-0.473454,3.22794,-14.0998,-0.0550775,-0.0153277,-0.00250683,0.015971
3.00593,9.21172,8.40717,-0.324652,3.05282,-13.6355,-0.0528161,-0.0124619,-0.00242001,0.0159458
4.26755,9.19124,8.59502,-0.0936092,3.13136,-13.2342,-0.0556772,-0.00748409,-0.00230022,0.0159559
5.59659,9.19574,8.78074,-0.0188402,3.05049,-12.6987,-0.0537512,-0.00325053,-0.00186754,0.0159614
6.92633,9.17485,8.93561,0.0670586,2.9801,-11.7789,-0.0513863,-0.00155968,-0.001723,0.0159533
8.30126,9.15403,9.0859,0.20281,2.76807,-10.9524,-0.0492712,0.000274082,-0.00206851,0.0149693
9.72145,9.15818,9.23329,0.362245,2.61528,-10.2762,-0.0448666,0.00168428,-0.00230406,0.0149531
11.1647,9.13749,9.37374,0.249747,2.62854,-9.67504,-0.045617,0.000530311,-0.00223841,0.0159821
12.6534,9.16666,9.51267,0.274675,2.4551,-8.97636,-0.0403963,0.00198895,-0.00198421,0.0149568
13.8991,9.14611,9.65002,0.171631,2.19648,-8.3598,-0.0379422,0.00142827,-0.00174236,0.0149544
15.0777,9.14925,9.73836,0.0457599,2.10755,-7.8518,-0.036939,-0.000101483,-0.00142598,0.015945
16.1698,9.1537,9.87671,0.00760084,1.89194,-6.96164,-0.0317208,-0.0010816,-0.00139977,0.015984
17.3957,9.15823,10.0076,-0.042989,1.68802,-5.76142,-0.0273397,-0.00173454,-0.00148976,0.0159232
18.3985,9.1615,10.0941,0.0187149,1.36505,-4.50234,-0.0212005,0.00124456,-0.000950648,0.0159531
19.4896,9.16414,10.1498,0.0727015,1.16559,-3.67086,-0.0178536,0.00212044,-0.00107623,0.015976
20.5567,9.19036,10.1562,0.135519,1.11776,-3.0703,-0.0161764,0.00411578,-0.000878763,0.0159337
21.5084,9.21392,10.0654,0.23066,1.03969,-2.8719,-0.0149975,0.00644117,-0.000773441,0.0150003
22.2812,9.23683,9.95628,0.269787,0.921839,-2.63681,-0.0133433,0.00718581,-0.000774848,0.0149185
22.9626,9.25844,9.80036,0.252972,0.936093,-2.59027,-0.0131796,0.0069442,-0.000701984,0.0159991
23.5352,9.25649,9.69685,0.216324,0.851811,-2.24428,-0.0114735,0.00629993,-0.000644868,0.0159302
24.0831,9.30305,9.54805,0.21132,0.731975,-1.74563,-0.0088677,0.00651223,-0.000556213,0.0159897
24.757,9.37138,9.26895,0.0617119,0.552946,-1.03378,-0.00550653,0.0042319,-0.000483702,0.0159308
25.4514,9.5637,8.97298,-0.102115,0.372273,-0.402053,-0.00216355,0.00139602,-0.000443605,0.0159727
26.0146,9.93105,8.72249,-0.169252,0.265639,-0.0474503,-6.92601e-05,0.000259194,-0.000389758,0.0149964
26.2899,10.6465,8.49038,-0.178168,0.228583,0.0284351,0.00037753,9.66648e-05,-0.000339827,0.0149042
26.2559,11.7602,8.28061,-0.161975,0.230109,0.0199524,0.000425131,0.000235702,-0.000365001,0.0159481
25.7964,13.4936,7.98822,-0.165432,0.229488,0.0228939,0.000421452,0.000193124,-0.000345624,0.0159828
24.8935,15.7248,7.67223,-0.170544,0.235497,0.0083722,0.00034668,0.000164627,-0.000362738,0.0159293
23.6615,18.2316,7.37784,-0.172263,0.243624,-0.0106351,0.00028428,0.000146079,-0.000351092,0.0159588
22.1268,20.7666,7.18232,-0.168185,0.24983,-0.0339107,0.000223209,0.000188554,-0.000354461,0.0149779
20.4219,23.1304,7.09099,-0.176447,0.251642,-0.0418987,0.000263981,7.89393e-05,-0.000352833,0.0159631
18.6795,25.049,7.13614,-0.16219,0.267588,-0.0394145,0.000134365,0.000151975,-0.00035624,0.0149423
16.9179,26.7203,7.25627,-0.155927,0.281392,-0.0380862,-5.98581e-05,0.000235666,-0.000359684,0.0149906
15.2883,28.1676,7.37498,-0.162958,0.286427,-0.0388272,-8.81904e-05,0.000201619,-0.00035389,0.0159709
13.7689,29.4908,7.50032,-0.162601,0.285337,-0.0194263,-5.03251e-05,0.000202552,-0.000359767,0.0159485
12.4913,30.7393,7.60774,-0.160396,0.289278,-0.0228622,-6.02296e-05,0.000223583,-0.000345176,0.0159513
11.4546,31.8872,7.64907,-0.152041,0.283742,-0.0284408,-7.10768e-06,0.000312867,-0.000346846,0.0159625
10.5925,32.8341,7.60014,-0.163283,0.272011,-0.0309893,5.28419e-05,0.000221693,-0.000361398,0.0159334
9.84062,33.5314,7.53799,-0.179074,0.264375,-0.0253095,0.000170804,4.78921e-05,-0.000346649,0.0159482
9.00264,34.1556,7.57304,-0.175341,0.261253,-0.0160157,0.000156697,0.000117544,-0.000352885,0.0149509
8.21085,34.707,7.72779,-0.159606,0.267711,-0.0149709,6.36976e-05,0.000215799,-0.000343399,0.0151135
7.41853,35.2336,7.87987,-0.155121,0.270208,-0.0164533,4.02151e-06,0.000280135,-0.00034832,0.015835
6.69091,35.8088,7.95538,-0.154148,0.270812,-0.0187866,2.77355e-05,0.000230189,-0.000352382,0.015962
6.02864,36.3331,7.97705,-0.157238,0.266562,-0.026221,0.00013877,0.000224737,-0.000348297,0.0149993
5.366,36.7072,7.96884,-0.158014,0.25834,-0.0240385,0.000183229,0.000239258,-0.00034487,0.0159556
4.50439,36.9561,7.93363,-0.160392,0.258158,-0.0217015,0.000148735,0.000226728,-0.000358924,0.0149548
3.90763,37.0796,7.86685,-0.15489,0.265119,-0.0169614,6.77741e-05,0.000279651,-0.000368148,0.0149362
3.15602,37.2019,7.72542,-0.150599,0.274148,-0.0216096,4.79529e-05,0.000294596,-0.000362366,0.0159496
2.40424,37.2971,7.45734,-0.152665,0.271807,-0.018706,7.40635e-05,0.000290984,-0.000329547,0.0160019
1.67492,37.3656,7.06255,-0.168541,0.262601,-0.0134772,0.000102009,0.000167703,-0.000334124,0.0159223
1.03503,37.3603,6.71477,-0.162502,0.259638,-0.016486,0.000170957,0.000230181,-0.000340167,0.0149343
0.352083,37.3052,6.36508,-0.163988,0.264007,-0.0184019,0.000130307,0.000182848,-0.00032933,0.0149946
-0.373844,37.1762,6.06268,-0.161831,0.269063,-0.0211866,0.000120734,0.00020829,-0.000352757,0.0159587
-1.14271,36.9972,5.73293,-0.16408,0.266427,-0.0112513,9.0212e-05,0.000183342,-0.000348201,0.0159406
-1.84481,36.8439,5.45262,-0.16413,0.272938,-0.00464938,3.43524e-05,0.000213512,-0.000324162,0.0159515
-2.58967,36.7152,5.12156,-0.166622,0.276598,-0.00355442,3.01584e-05,0.000172313,-0.000351847,0.0160041
-3.1368,36.6877,4.89281,-0.177918,0.270136,-0.00318514,8.78052e-05,7.5335e-05,-0.000346902,0.0159337
-3.6842,36.8112,4.7667,-0.176466,0.263302,-0.0057742,0.000174366,7.12662e-05,-0.000338348,0.0159847
-4.16691,37.0113,4.79199,-0.170871,0.262548,-0.0135163,0.000135951,0.000121993,-0.000348003,0.0159622
-4.71702,37.2879,4.96748,-0.175309,0.258639,-0.00614996,0.000125742,0.00010258,-0.000348427,0.0159865
-5.35679,37.6159,5.26704,-0.168379,0.262764,-0.0073459,0.000156011,0.000149647,-0.000334417,0.0158728
-5.9541,37.9698,5.6165,-0.166266,0.262589,-0.0137391,0.000121718,0.00016571,-0.000348434,0.0159923
-6.61935,38.325,6.03889,-0.155694,0.285472,-0.0194963,-6.47179e-05,0.000255874,-0.00034603,0.015979
-7.30785,38.7804,6.46152,-0.155363,0.277915,-0.0173287,3.66865e-06,0.000251228,-0.000347158,0.0159281
-7.75188,39.0584,6.684,-0.149327,0.27371,-0.0175203,4.41482e-05,0.000310263,-0.000329464,0.0159658
-8.19501,39.3354,6.83098,-0.148689,0.257277,-0.025616,0.000195074,0.000321601,-0.000336436,0.0149344
-8.592,39.4606,6.85087,-0.143665,0.275685,-0.0264769,7.6454e-05,0.000342617,-0.000343703,0.0149688
-8.943,39.4595,6.7693,-0.146022,0.274281,-0.025206,6.14955e-05,0.000314077,-0.000348216,0.0159659
-9.33489,39.3812,6.53551,-0.146996,0.272452,-0.0139985,5.56362e-05,0.000308241,-0.000334496,0.0149954
-9.6148,39.2521,6.22791,-0.14915,0.272533,-0.0115379,8.33779e-05,0.000304803,-0.00033472,0.0149364
-9.91364,39.1215,5.79479,-0.147832,0.268041,-0.0156811,9.71237e-05,0.000345962,-0.000345093,0.0149569
-10.2097,38.9901,5.26156,-0.146728,0.264745,-0.0207585,9.10316e-05,0.000348702,-0.000349947,0.0149659
-10.4808,38.7833,4.62738,-0.146818,0.268682,-0.0191184,9.42668e-05,0.000327748,-0.000335113,0.0159174
-10.7483,38.4763,3.86623,-0.160863,0.264439,-0.0295176,7.29999e-05,0.000200933,-0.000333474,0.0159466
-11.0146,37.9208,3.09983,-0.162026,0.268946,-0.029509,6.71534e-05,0.000218457,-0.000338003,0.0159766
-11.2811,37.1921,2.37882,-0.164593,0.271275,-0.0307007,4.1564e-05,0.000170574,-0.00035601,0.015953
-11.4844,36.3651,1.78069,-0.162135,0.275425,-0.0143297,4.33796e-05,0.000181006,-0.000327876,0.0159347
-11.6,35.3641,1.17877,-0.161043,0.273481,-0.0217255,5.92559e-05,0.000175037,-0.000327753,0.0159839
-11.586,34.2391,0.624423,-0.16639,0.267748,-0.019677,0.000113526,0.000180783,-0.000343087,0.0149679
-11.5567,33.3647,0.325078,-0.165162,0.262007,-0.0259623,0.000160073,0.000166793,-0.000343439,0.0149586
-11.5508,32.266,0.0912338,-0.169795,0.260638,-0.0206778,0.000138371,0.000116125,-0.000333551,0.0159747
-11.5925,31.0428,0.0240987,-0.168506,0.261368,-0.011026,0.000147968,0.000127471,-0.000338822,0.0159707
-11.6821,29.9197,0.131108,-0.166159,0.265064,-0.0194203,0.000104676,0.000256301,-0.000382336,0.0149354
